[STDOUT] [2026-04-01T14:15:00.415Z] [2026-04-01T14:15:00.411Z] --- Starting Sync Cycle ---
[STDOUT] [2026-04-01T14:15:00.416Z] [2026-04-01T14:15:00.411Z] --- Starting Sync Cycle ---
[STDOUT] [2026-04-01T14:15:00.503Z] CRON SERVICE ACTIVE
[STDOUT] [2026-04-01T14:15:00.503Z] Frequency: Every 60 minutes
[STDOUT] [2026-04-01T14:15:00.504Z] CRON SERVICE ACTIVE
[STDOUT] [2026-04-01T14:15:00.504Z] Keep this window open to maintain the schedule.
[STDOUT] [2026-04-01T14:15:00.505Z] Frequency: Every 60 minutes
[STDOUT] [2026-04-01T14:15:00.505Z] Keep this window open to maintain the schedule.
[STDOUT] [2026-04-01T14:15:05.727Z] [2026-04-01T14:15:05.725Z] Job completed successfully.
[STDOUT] [2026-04-01T14:15:05.740Z] [2026-04-01T14:15:05.738Z] Next run in 1 hour...
[STDOUT] [2026-04-01T14:15:06.546Z] [2026-04-01T14:15:06.546Z] Job completed successfully.
[STDOUT] [2026-04-01T14:15:06.564Z] [2026-04-01T14:15:06.563Z] Next run in 1 hour...
[TIMEOUT] [2026-04-01T14:35:00.017Z] Job killed after exceeding 1200000ms
[2026-04-01T14:35:00.025Z] [FINISH] Amazon Order Sync - FAILED (signal SIGTERM) - Duration: 1200.02s

[TIMEOUT] [2026-04-01T14:35:00.034Z] Job "Amazon Order Sync" exceeded 1200000ms. Sending SIGTERM...
[2026-04-01T14:35:00.042Z] [FINISH] Amazon Order Sync - FAILED (signal SIGTERM) - Duration: 1200.02s

[STDOUT] [2026-04-01T15:15:00.395Z] [2026-04-01T15:15:00.392Z] --- Starting Sync Cycle ---
[STDOUT] [2026-04-01T15:15:00.395Z] [2026-04-01T15:15:00.392Z] --- Starting Sync Cycle ---
[STDOUT] [2026-04-01T15:15:00.482Z] CRON SERVICE ACTIVE
[STDOUT] [2026-04-01T15:15:00.483Z] CRON SERVICE ACTIVE
[STDOUT] [2026-04-01T15:15:00.483Z] Frequency: Every 60 minutes
[STDOUT] [2026-04-01T15:15:00.483Z] Keep this window open to maintain the schedule.
[STDOUT] [2026-04-01T15:15:00.483Z] Frequency: Every 60 minutes
[STDOUT] [2026-04-01T15:15:00.483Z] Keep this window open to maintain the schedule.
[STDOUT] [2026-04-01T15:15:05.459Z] [2026-04-01T15:15:05.459Z] Job completed successfully.
[STDOUT] [2026-04-01T15:15:05.474Z] [2026-04-01T15:15:05.474Z] Next run in 1 hour...
[STDOUT] [2026-04-01T15:15:05.511Z] [2026-04-01T15:15:05.510Z] Job completed successfully.
[STDOUT] [2026-04-01T15:15:05.524Z] [2026-04-01T15:15:05.523Z] Next run in 1 hour...
[TIMEOUT] [2026-04-01T15:35:00.034Z] Job killed after exceeding 1200000ms
[TIMEOUT] [2026-04-01T15:35:00.034Z] Job "Amazon Order Sync" exceeded 1200000ms. Sending SIGTERM...
[2026-04-01T15:35:00.043Z] [FINISH] Amazon Order Sync - FAILED (signal SIGTERM) - Duration: 1200.02s

[2026-04-01T15:35:00.045Z] [FINISH] Amazon Order Sync - FAILED (signal SIGTERM) - Duration: 1200.02s

[STDOUT] [2026-04-01T16:15:00.220Z] [2026-04-01T16:15:00.216Z] --- Starting Sync Cycle ---
[STDOUT] [2026-04-01T16:15:00.227Z] [2026-04-01T16:15:00.223Z] --- Starting Sync Cycle ---
[STDOUT] [2026-04-01T16:15:00.271Z] CRON SERVICE ACTIVE
[STDOUT] [2026-04-01T16:15:00.271Z] Frequency: Every 60 minutes
[STDOUT] [2026-04-01T16:15:00.272Z] Keep this window open to maintain the schedule.
[STDOUT] [2026-04-01T16:15:00.281Z] CRON SERVICE ACTIVE
[STDOUT] [2026-04-01T16:15:00.281Z] Frequency: Every 60 minutes
[STDOUT] [2026-04-01T16:15:00.282Z] Keep this window open to maintain the schedule.
[STDOUT] [2026-04-01T16:15:04.370Z] [2026-04-01T16:15:04.369Z] Job completed successfully.
[STDOUT] [2026-04-01T16:15:04.383Z] [2026-04-01T16:15:04.382Z] Next run in 1 hour...
[STDOUT] [2026-04-01T16:15:04.413Z] [2026-04-01T16:15:04.412Z] Job completed successfully.
[STDOUT] [2026-04-01T16:15:04.425Z] [2026-04-01T16:15:04.424Z] Next run in 1 hour...
[TIMEOUT] [2026-04-01T16:34:59.958Z] Job killed after exceeding 1200000ms
[TIMEOUT] [2026-04-01T16:34:59.958Z] Job "Amazon Order Sync" exceeded 1200000ms. Sending SIGTERM...
[2026-04-01T16:34:59.966Z] [FINISH] Amazon Order Sync - FAILED (signal SIGTERM) - Duration: 1199.94s

[2026-04-01T16:34:59.970Z] [FINISH] Amazon Order Sync - FAILED (signal SIGTERM) - Duration: 1199.94s

[STDOUT] [2026-04-01T17:15:00.267Z] [2026-04-01T17:15:00.262Z] --- Starting Sync Cycle ---
[STDOUT] [2026-04-01T17:15:00.267Z] [2026-04-01T17:15:00.262Z] --- Starting Sync Cycle ---
[STDOUT] [2026-04-01T17:15:00.331Z] CRON SERVICE ACTIVE
[STDOUT] [2026-04-01T17:15:00.331Z] Frequency: Every 60 minutes
[STDOUT] [2026-04-01T17:15:00.331Z] Keep this window open to maintain the schedule.
[STDOUT] [2026-04-01T17:15:00.340Z] CRON SERVICE ACTIVE
[STDOUT] [2026-04-01T17:15:00.340Z] Frequency: Every 60 minutes
[STDOUT] [2026-04-01T17:15:00.341Z] Keep this window open to maintain the schedule.
[STDOUT] [2026-04-01T17:15:05.364Z] [2026-04-01T17:15:05.363Z] Job completed successfully.
[STDOUT] [2026-04-01T17:15:05.376Z] [2026-04-01T17:15:05.375Z] Next run in 1 hour...
[STDOUT] [2026-04-01T17:15:06.056Z] [2026-04-01T17:15:06.056Z] Job completed successfully.
[STDOUT] [2026-04-01T17:15:06.070Z] [2026-04-01T17:15:06.070Z] Next run in 1 hour...
[TIMEOUT] [2026-04-01T17:34:59.985Z] Job "Amazon Order Sync" exceeded 1200000ms. Sending SIGTERM...
[2026-04-01T17:34:59.994Z] [FINISH] Amazon Order Sync - FAILED (signal SIGTERM) - Duration: 1199.98s

[STDOUT] [2026-04-01T18:15:00.205Z] [2026-04-01T18:15:00.188Z] --- Starting Sync Cycle ---
[STDOUT] [2026-04-01T18:15:00.246Z] CRON SERVICE ACTIVE
[STDOUT] [2026-04-01T18:15:00.246Z] Frequency: Every 60 minutes
[STDOUT] [2026-04-01T18:15:00.246Z] Keep this window open to maintain the schedule.
[STDOUT] [2026-04-01T18:15:05.783Z] [2026-04-01T18:15:05.769Z] Job completed successfully.
[STDOUT] [2026-04-01T18:15:05.792Z] [2026-04-01T18:15:05.778Z] Next run in 1 hour...
[TIMEOUT] [2026-04-01T18:35:00.006Z] Job "Amazon Order Sync" exceeded 1200000ms. Sending SIGTERM...
[2026-04-01T18:35:00.017Z] [FINISH] Amazon Order Sync - FAILED (signal SIGTERM) - Duration: 1200.00s

[STDOUT] [2026-04-01T19:15:00.191Z] [2026-04-01T19:15:00.185Z] --- Starting Sync Cycle ---
[STDOUT] [2026-04-01T19:15:00.230Z] CRON SERVICE ACTIVE
[STDOUT] [2026-04-01T19:15:00.230Z] Frequency: Every 60 minutes
[STDOUT] [2026-04-01T19:15:00.230Z] Keep this window open to maintain the schedule.
[STDOUT] [2026-04-01T19:15:05.517Z] [2026-04-01T19:15:05.514Z] Job completed successfully.
[STDOUT] [2026-04-01T19:15:05.526Z] [2026-04-01T19:15:05.523Z] Next run in 1 hour...
[TIMEOUT] [2026-04-01T19:35:00.031Z] Job "Amazon Order Sync" exceeded 1200000ms. Sending SIGTERM...
[2026-04-01T19:35:00.039Z] [FINISH] Amazon Order Sync - FAILED (signal SIGTERM) - Duration: 1200.01s

[STDOUT] [2026-04-01T20:15:00.218Z] [2026-04-01T20:15:00.209Z] --- Starting Sync Cycle ---
[STDOUT] [2026-04-01T20:15:00.259Z] CRON SERVICE ACTIVE
[STDOUT] [2026-04-01T20:15:00.260Z] Frequency: Every 60 minutes
[STDOUT] [2026-04-01T20:15:00.260Z] Keep this window open to maintain the schedule.
[STDOUT] [2026-04-01T20:15:05.541Z] [2026-04-01T20:15:05.535Z] Job completed successfully.
[STDOUT] [2026-04-01T20:15:05.550Z] [2026-04-01T20:15:05.544Z] Next run in 1 hour...
[TIMEOUT] [2026-04-01T20:35:00.030Z] Job "Amazon Order Sync" exceeded 1200000ms. Sending SIGTERM...
[2026-04-01T20:35:00.039Z] [FINISH] Amazon Order Sync - FAILED (signal SIGTERM) - Duration: 1200.02s

[STDOUT] [2026-04-01T21:15:00.192Z] [2026-04-01T21:15:00.187Z] --- Starting Sync Cycle ---
[STDOUT] [2026-04-01T21:15:00.231Z] CRON SERVICE ACTIVE
[STDOUT] [2026-04-01T21:15:00.232Z] Frequency: Every 60 minutes
[STDOUT] [2026-04-01T21:15:00.232Z] Keep this window open to maintain the schedule.
[STDOUT] [2026-04-01T21:15:05.265Z] [2026-04-01T21:15:05.264Z] Job completed successfully.
[STDOUT] [2026-04-01T21:15:05.274Z] [2026-04-01T21:15:05.273Z] Next run in 1 hour...
[TIMEOUT] [2026-04-01T21:34:59.935Z] Job "Amazon Order Sync" exceeded 1200000ms. Sending SIGTERM...
[2026-04-01T21:34:59.946Z] [FINISH] Amazon Order Sync - FAILED (signal SIGTERM) - Duration: 1199.92s

[STDOUT] [2026-04-01T22:15:00.342Z] [2026-04-01T22:15:00.335Z] --- Starting Sync Cycle ---
[STDOUT] [2026-04-01T22:15:00.404Z] CRON SERVICE ACTIVE
[STDOUT] [2026-04-01T22:15:00.404Z] Frequency: Every 60 minutes
[STDOUT] [2026-04-01T22:15:00.405Z] Keep this window open to maintain the schedule.
[STDOUT] [2026-04-01T22:15:04.714Z] [2026-04-01T22:15:04.711Z] Job completed successfully.
[STDOUT] [2026-04-01T22:15:04.723Z] [2026-04-01T22:15:04.719Z] Next run in 1 hour...
[TIMEOUT] [2026-04-01T22:34:59.994Z] Job "Amazon Order Sync" exceeded 1200000ms. Sending SIGTERM...
[2026-04-01T22:35:00.007Z] [FINISH] Amazon Order Sync - FAILED (signal SIGTERM) - Duration: 1199.98s

[STDOUT] [2026-04-01T23:15:00.200Z] [2026-04-01T23:15:00.191Z] --- Starting Sync Cycle ---
[STDOUT] [2026-04-01T23:15:00.241Z] CRON SERVICE ACTIVE
[STDOUT] [2026-04-01T23:15:00.241Z] Frequency: Every 60 minutes
[STDOUT] [2026-04-01T23:15:00.241Z] Keep this window open to maintain the schedule.
[STDOUT] [2026-04-01T23:15:05.988Z] [2026-04-01T23:15:05.982Z] Job completed successfully.
[STDOUT] [2026-04-01T23:15:05.997Z] [2026-04-01T23:15:05.991Z] Next run in 1 hour...
[TIMEOUT] [2026-04-01T23:35:00.014Z] Job "Amazon Order Sync" exceeded 1200000ms. Sending SIGTERM...
[2026-04-01T23:35:00.026Z] [FINISH] Amazon Order Sync - FAILED (signal SIGTERM) - Duration: 1200.00s

[STDOUT] [2026-04-02T00:15:00.211Z] [2026-04-02T00:15:00.196Z] --- Starting Sync Cycle ---
[STDOUT] [2026-04-02T00:15:00.252Z] CRON SERVICE ACTIVE
[STDOUT] [2026-04-02T00:15:00.252Z] Frequency: Every 60 minutes
[STDOUT] [2026-04-02T00:15:00.252Z] Keep this window open to maintain the schedule.
[STDOUT] [2026-04-02T00:15:03.763Z] [2026-04-02T00:15:03.751Z] Job completed successfully.
[STDOUT] [2026-04-02T00:15:03.772Z] [2026-04-02T00:15:03.760Z] Next run in 1 hour...
[TIMEOUT] [2026-04-02T00:35:00.028Z] Job "Amazon Order Sync" exceeded 1200000ms. Sending SIGTERM...
[2026-04-02T00:35:00.036Z] [FINISH] Amazon Order Sync - FAILED (signal SIGTERM) - Duration: 1200.01s

[STDOUT] [2026-04-02T01:15:00.192Z] [2026-04-02T01:15:00.178Z] --- Starting Sync Cycle ---
[STDOUT] [2026-04-02T01:15:00.231Z] CRON SERVICE ACTIVE
[STDOUT] [2026-04-02T01:15:00.231Z] Frequency: Every 60 minutes
[STDOUT] [2026-04-02T01:15:00.232Z] Keep this window open to maintain the schedule.
[STDOUT] [2026-04-02T01:15:04.325Z] [2026-04-02T01:15:04.315Z] Job completed successfully.
[STDOUT] [2026-04-02T01:15:04.333Z] [2026-04-02T01:15:04.324Z] Next run in 1 hour...
[TIMEOUT] [2026-04-02T01:35:00.126Z] Job "Amazon Order Sync" exceeded 1200000ms. Sending SIGTERM...
[2026-04-02T01:35:00.137Z] [FINISH] Amazon Order Sync - FAILED (signal SIGTERM) - Duration: 1200.11s

[STDOUT] [2026-04-02T02:15:00.552Z] [2026-04-02T02:15:00.536Z] --- Starting Sync Cycle ---
[STDOUT] [2026-04-02T02:15:00.601Z] CRON SERVICE ACTIVE
[STDOUT] [2026-04-02T02:15:00.602Z] Frequency: Every 60 minutes
[STDOUT] [2026-04-02T02:15:00.602Z] Keep this window open to maintain the schedule.
[STDOUT] [2026-04-02T02:15:04.669Z] [2026-04-02T02:15:04.657Z] Job completed successfully.
[STDOUT] [2026-04-02T02:15:04.679Z] [2026-04-02T02:15:04.666Z] Next run in 1 hour...
[TIMEOUT] [2026-04-02T02:35:00.462Z] Job "Amazon Order Sync" exceeded 1200000ms. Sending SIGTERM...
[2026-04-02T02:35:00.474Z] [FINISH] Amazon Order Sync - FAILED (signal SIGTERM) - Duration: 1200.11s

[STDOUT] [2026-04-02T03:15:00.374Z] [2026-04-02T03:15:00.364Z] --- Starting Sync Cycle ---
[STDOUT] [2026-04-02T03:15:00.415Z] CRON SERVICE ACTIVE
[STDOUT] [2026-04-02T03:15:00.415Z] Frequency: Every 60 minutes
[STDOUT] [2026-04-02T03:15:00.415Z] Keep this window open to maintain the schedule.
[STDOUT] [2026-04-02T03:15:03.219Z] [2026-04-02T03:15:03.213Z] Job completed successfully.
[STDOUT] [2026-04-02T03:15:03.230Z] [2026-04-02T03:15:03.224Z] Next run in 1 hour...
[TIMEOUT] [2026-04-02T03:35:00.236Z] Job "Amazon Order Sync" exceeded 1200000ms. Sending SIGTERM...
[2026-04-02T03:35:00.248Z] [FINISH] Amazon Order Sync - FAILED (signal SIGTERM) - Duration: 1200.05s

[STDOUT] [2026-04-02T04:15:00.454Z] [2026-04-02T04:15:00.440Z] --- Starting Sync Cycle ---
[STDOUT] [2026-04-02T04:15:00.517Z] CRON SERVICE ACTIVE
[STDOUT] [2026-04-02T04:15:00.517Z] Frequency: Every 60 minutes
[STDOUT] [2026-04-02T04:15:00.517Z] Keep this window open to maintain the schedule.
[STDOUT] [2026-04-02T04:15:05.050Z] [2026-04-02T04:15:05.040Z] Job completed successfully.
[STDOUT] [2026-04-02T04:15:05.058Z] [2026-04-02T04:15:05.047Z] Next run in 1 hour...
[TIMEOUT] [2026-04-02T04:35:00.107Z] Job "Amazon Order Sync" exceeded 1200000ms. Sending SIGTERM...
[2026-04-02T04:35:00.116Z] [FINISH] Amazon Order Sync - FAILED (signal SIGTERM) - Duration: 1200.03s

[STDOUT] [2026-04-02T05:15:00.238Z] [2026-04-02T05:15:00.232Z] --- Starting Sync Cycle ---
[STDOUT] [2026-04-02T05:15:00.280Z] CRON SERVICE ACTIVE
[STDOUT] [2026-04-02T05:15:00.281Z] Frequency: Every 60 minutes
[STDOUT] [2026-04-02T05:15:00.281Z] Keep this window open to maintain the schedule.
[STDOUT] [2026-04-02T05:15:03.922Z] [2026-04-02T05:15:03.921Z] Job completed successfully.
[STDOUT] [2026-04-02T05:15:03.931Z] [2026-04-02T05:15:03.929Z] Next run in 1 hour...
[TIMEOUT] [2026-04-02T05:35:00.045Z] Job "Amazon Order Sync" exceeded 1200000ms. Sending SIGTERM...
[2026-04-02T05:35:00.054Z] [FINISH] Amazon Order Sync - FAILED (signal SIGTERM) - Duration: 1200.02s

[STDOUT] [2026-04-02T06:15:00.175Z] [2026-04-02T06:15:00.170Z] --- Starting Sync Cycle ---
[STDOUT] [2026-04-02T06:15:00.217Z] CRON SERVICE ACTIVE
[STDOUT] [2026-04-02T06:15:00.218Z] Frequency: Every 60 minutes
[STDOUT] [2026-04-02T06:15:00.218Z] Keep this window open to maintain the schedule.
[STDOUT] [2026-04-02T06:15:05.743Z] [2026-04-02T06:15:05.741Z] Job completed successfully.
[STDOUT] [2026-04-02T06:15:05.760Z] [2026-04-02T06:15:05.758Z] Next run in 1 hour...
[TIMEOUT] [2026-04-02T06:34:59.963Z] Job "Amazon Order Sync" exceeded 1200000ms. Sending SIGTERM...
[2026-04-02T06:34:59.972Z] [FINISH] Amazon Order Sync - FAILED (signal SIGTERM) - Duration: 1199.96s

[STDOUT] [2026-04-02T07:15:00.183Z] [2026-04-02T07:15:00.175Z] --- Starting Sync Cycle ---
[STDOUT] [2026-04-02T07:15:00.224Z] CRON SERVICE ACTIVE
[STDOUT] [2026-04-02T07:15:00.225Z] Frequency: Every 60 minutes
[STDOUT] [2026-04-02T07:15:00.225Z] Keep this window open to maintain the schedule.
[STDOUT] [2026-04-02T07:15:05.338Z] [2026-04-02T07:15:05.333Z] Job completed successfully.
[STDOUT] [2026-04-02T07:15:05.348Z] [2026-04-02T07:15:05.343Z] Next run in 1 hour...
[TIMEOUT] [2026-04-02T07:34:59.992Z] Job "Amazon Order Sync" exceeded 1200000ms. Sending SIGTERM...
[2026-04-02T07:35:00.004Z] [FINISH] Amazon Order Sync - FAILED (signal SIGTERM) - Duration: 1199.98s

[STDOUT] [2026-04-02T08:15:00.187Z] [2026-04-02T08:15:00.180Z] --- Starting Sync Cycle ---
[STDOUT] [2026-04-02T08:15:00.228Z] CRON SERVICE ACTIVE
[STDOUT] [2026-04-02T08:15:00.229Z] Frequency: Every 60 minutes
[STDOUT] [2026-04-02T08:15:00.229Z] Keep this window open to maintain the schedule.
[STDOUT] [2026-04-02T08:15:04.437Z] [2026-04-02T08:15:04.434Z] Job completed successfully.
[STDOUT] [2026-04-02T08:15:04.446Z] [2026-04-02T08:15:04.443Z] Next run in 1 hour...
[TIMEOUT] [2026-04-02T08:35:00.025Z] Job "Amazon Order Sync" exceeded 1200000ms. Sending SIGTERM...
[2026-04-02T08:35:00.034Z] [FINISH] Amazon Order Sync - FAILED (signal SIGTERM) - Duration: 1200.02s

[STDOUT] [2026-04-02T09:15:00.454Z] [2026-04-02T09:15:00.438Z] --- Starting Sync Cycle ---
[STDOUT] [2026-04-02T09:15:00.508Z] CRON SERVICE ACTIVE
[STDOUT] [2026-04-02T09:15:00.508Z] Frequency: Every 60 minutes
[STDOUT] [2026-04-02T09:15:00.509Z] Keep this window open to maintain the schedule.
[STDOUT] [2026-04-02T09:15:05.589Z] [2026-04-02T09:15:05.578Z] Job completed successfully.
[STDOUT] [2026-04-02T09:15:05.604Z] [2026-04-02T09:15:05.593Z] Next run in 1 hour...
[TIMEOUT] [2026-04-02T09:35:00.026Z] Job "Amazon Order Sync" exceeded 1200000ms. Sending SIGTERM...
[2026-04-02T09:35:00.037Z] [FINISH] Amazon Order Sync - FAILED (signal SIGTERM) - Duration: 1200.01s

[STDOUT] [2026-04-02T10:15:00.241Z] [2026-04-02T10:15:00.236Z] --- Starting Sync Cycle ---
[STDOUT] [2026-04-02T10:15:00.288Z] CRON SERVICE ACTIVE
[STDOUT] [2026-04-02T10:15:00.289Z] Frequency: Every 60 minutes
[STDOUT] [2026-04-02T10:15:00.289Z] Keep this window open to maintain the schedule.
[STDOUT] [2026-04-02T10:15:05.734Z] [2026-04-02T10:15:05.733Z] Job completed successfully.
[STDOUT] [2026-04-02T10:15:05.745Z] [2026-04-02T10:15:05.744Z] Next run in 1 hour...
[STDOUT] [2026-04-02T11:15:00.402Z] [2026-04-02T11:15:00.398Z] --- Starting Sync Cycle ---
[STDOUT] [2026-04-02T11:15:00.477Z] CRON SERVICE ACTIVE
[STDOUT] [2026-04-02T11:15:00.477Z] Frequency: Every 60 minutes
[STDOUT] [2026-04-02T11:15:00.478Z] Keep this window open to maintain the schedule.
[STDOUT] [2026-04-02T11:15:05.608Z] [2026-04-02T11:15:05.608Z] Job completed successfully.
[STDOUT] [2026-04-02T11:15:05.618Z] [2026-04-02T11:15:05.618Z] Next run in 1 hour...
[TIMEOUT] [2026-04-02T11:34:59.974Z] Job "Amazon Order Sync" exceeded 1200000ms. Sending SIGTERM...
[2026-04-02T11:34:59.983Z] [FINISH] Amazon Order Sync - FAILED (signal SIGTERM) - Duration: 1199.96s

[STDOUT] [2026-04-02T12:15:00.228Z] [2026-04-02T12:15:00.224Z] --- Starting Sync Cycle ---
[STDOUT] [2026-04-02T12:15:00.277Z] CRON SERVICE ACTIVE
[STDOUT] [2026-04-02T12:15:00.277Z] Frequency: Every 60 minutes
[STDOUT] [2026-04-02T12:15:00.277Z] Keep this window open to maintain the schedule.
[STDOUT] [2026-04-02T12:15:05.408Z] [2026-04-02T12:15:05.408Z] Job completed successfully.
[STDOUT] [2026-04-02T12:15:05.419Z] [2026-04-02T12:15:05.418Z] Next run in 1 hour...
[TIMEOUT] [2026-04-02T12:35:00.014Z] Job "Amazon Order Sync" exceeded 1200000ms. Sending SIGTERM...
[2026-04-02T12:35:00.023Z] [FINISH] Amazon Order Sync - FAILED (signal SIGTERM) - Duration: 1199.99s

[STDOUT] [2026-04-02T13:15:00.299Z] [2026-04-02T13:15:00.293Z] --- Starting Sync Cycle ---
[STDOUT] [2026-04-02T13:15:00.363Z] CRON SERVICE ACTIVE
[STDOUT] [2026-04-02T13:15:00.363Z] Frequency: Every 60 minutes
[STDOUT] [2026-04-02T13:15:00.364Z] Keep this window open to maintain the schedule.
[STDOUT] [2026-04-02T13:15:04.698Z] [2026-04-02T13:15:04.698Z] Job completed successfully.
[STDOUT] [2026-04-02T13:15:04.710Z] [2026-04-02T13:15:04.710Z] Next run in 1 hour...
[TIMEOUT] [2026-04-02T13:35:00.009Z] Job "Amazon Order Sync" exceeded 1200000ms. Sending SIGTERM...
[2026-04-02T13:35:00.017Z] [FINISH] Amazon Order Sync - FAILED (signal SIGTERM) - Duration: 1200.00s

[STDOUT] [2026-04-02T14:15:00.222Z] [2026-04-02T14:15:00.216Z] --- Starting Sync Cycle ---
[STDOUT] [2026-04-02T14:15:00.271Z] CRON SERVICE ACTIVE
[STDOUT] [2026-04-02T14:15:00.271Z] Frequency: Every 60 minutes
[STDOUT] [2026-04-02T14:15:00.271Z] Keep this window open to maintain the schedule.
[STDOUT] [2026-04-02T14:15:05.879Z] [2026-04-02T14:15:05.878Z] Job completed successfully.
[STDOUT] [2026-04-02T14:15:05.891Z] [2026-04-02T14:15:05.890Z] Next run in 1 hour...
[TIMEOUT] [2026-04-02T14:35:00.028Z] Job "Amazon Order Sync" exceeded 1200000ms. Sending SIGTERM...
[2026-04-02T14:35:00.036Z] [FINISH] Amazon Order Sync - FAILED (signal SIGTERM) - Duration: 1200.01s

[STDOUT] [2026-04-02T15:15:00.383Z] [2026-04-02T15:15:00.379Z] --- Starting Sync Cycle ---
[STDOUT] [2026-04-02T15:15:00.448Z] CRON SERVICE ACTIVE
[STDOUT] [2026-04-02T15:15:00.449Z] Frequency: Every 60 minutes
[STDOUT] [2026-04-02T15:15:00.449Z] Keep this window open to maintain the schedule.
[STDOUT] [2026-04-02T15:15:01.395Z] [2026-04-02T15:15:01.395Z] Job completed successfully.
[STDOUT] [2026-04-02T15:15:01.405Z] [2026-04-02T15:15:01.405Z] Next run in 1 hour...
[TIMEOUT] [2026-04-02T15:34:59.977Z] Job "Amazon Order Sync" exceeded 1200000ms. Sending SIGTERM...
[2026-04-02T15:34:59.987Z] [FINISH] Amazon Order Sync - FAILED (signal SIGTERM) - Duration: 1199.97s

[STDOUT] [2026-04-02T16:15:00.193Z] [2026-04-02T16:15:00.188Z] --- Starting Sync Cycle ---
[STDOUT] [2026-04-02T16:15:00.233Z] CRON SERVICE ACTIVE
[STDOUT] [2026-04-02T16:15:00.233Z] Frequency: Every 60 minutes
[STDOUT] [2026-04-02T16:15:00.234Z] Keep this window open to maintain the schedule.
[STDOUT] [2026-04-02T16:15:05.360Z] [2026-04-02T16:15:05.359Z] Job completed successfully.
[STDOUT] [2026-04-02T16:15:05.369Z] [2026-04-02T16:15:05.368Z] Next run in 1 hour...
[TIMEOUT] [2026-04-02T16:34:59.995Z] Job "Amazon Order Sync" exceeded 1200000ms. Sending SIGTERM...
[2026-04-02T16:35:00.007Z] [FINISH] Amazon Order Sync - FAILED (signal SIGTERM) - Duration: 1199.99s

[STDOUT] [2026-04-02T17:15:00.210Z] [2026-04-02T17:15:00.196Z] --- Starting Sync Cycle ---
[STDOUT] [2026-04-02T17:15:00.252Z] CRON SERVICE ACTIVE
[STDOUT] [2026-04-02T17:15:00.252Z] Frequency: Every 60 minutes
[STDOUT] [2026-04-02T17:15:00.252Z] Keep this window open to maintain the schedule.
[STDOUT] [2026-04-02T17:15:05.232Z] [2026-04-02T17:15:05.221Z] Job completed successfully.
[STDOUT] [2026-04-02T17:15:05.241Z] [2026-04-02T17:15:05.229Z] Next run in 1 hour...
[TIMEOUT] [2026-04-02T17:35:00.005Z] Job "Amazon Order Sync" exceeded 1200000ms. Sending SIGTERM...
[2026-04-02T17:35:00.017Z] [FINISH] Amazon Order Sync - FAILED (signal SIGTERM) - Duration: 1199.99s

[STDOUT] [2026-04-02T18:15:00.216Z] [2026-04-02T18:15:00.211Z] --- Starting Sync Cycle ---
[STDOUT] [2026-04-02T18:15:00.256Z] CRON SERVICE ACTIVE
[STDOUT] [2026-04-02T18:15:00.256Z] Frequency: Every 60 minutes
[STDOUT] [2026-04-02T18:15:00.256Z] Keep this window open to maintain the schedule.
[STDOUT] [2026-04-02T18:15:04.274Z] [2026-04-02T18:15:04.274Z] Job completed successfully.
[STDOUT] [2026-04-02T18:15:04.283Z] [2026-04-02T18:15:04.283Z] Next run in 1 hour...
[TIMEOUT] [2026-04-02T18:35:00.032Z] Job "Amazon Order Sync" exceeded 1200000ms. Sending SIGTERM...
[2026-04-02T18:35:00.042Z] [FINISH] Amazon Order Sync - FAILED (signal SIGTERM) - Duration: 1200.00s

[STDOUT] [2026-04-02T19:15:00.216Z] [2026-04-02T19:15:00.212Z] --- Starting Sync Cycle ---
[STDOUT] [2026-04-02T19:15:00.255Z] CRON SERVICE ACTIVE
[STDOUT] [2026-04-02T19:15:00.255Z] Frequency: Every 60 minutes
[STDOUT] [2026-04-02T19:15:00.255Z] Keep this window open to maintain the schedule.
[STDOUT] [2026-04-02T19:15:05.169Z] [2026-04-02T19:15:05.169Z] Job completed successfully.
[STDOUT] [2026-04-02T19:15:05.178Z] [2026-04-02T19:15:05.178Z] Next run in 1 hour...
[TIMEOUT] [2026-04-02T19:35:00.020Z] Job "Amazon Order Sync" exceeded 1200000ms. Sending SIGTERM...
[2026-04-02T19:35:00.029Z] [FINISH] Amazon Order Sync - FAILED (signal SIGTERM) - Duration: 1200.01s

[STDOUT] [2026-04-02T20:15:00.212Z] [2026-04-02T20:15:00.205Z] --- Starting Sync Cycle ---
[STDOUT] [2026-04-02T20:15:00.254Z] CRON SERVICE ACTIVE
[STDOUT] [2026-04-02T20:15:00.254Z] Frequency: Every 60 minutes
[STDOUT] [2026-04-02T20:15:00.254Z] Keep this window open to maintain the schedule.
[STDOUT] [2026-04-02T20:15:04.940Z] [2026-04-02T20:15:04.936Z] Job completed successfully.
[STDOUT] [2026-04-02T20:15:04.949Z] [2026-04-02T20:15:04.944Z] Next run in 1 hour...
[TIMEOUT] [2026-04-02T20:34:59.967Z] Job "Amazon Order Sync" exceeded 1200000ms. Sending SIGTERM...
[2026-04-02T20:34:59.979Z] [FINISH] Amazon Order Sync - FAILED (signal SIGTERM) - Duration: 1199.96s

[STDOUT] [2026-04-02T21:15:00.186Z] [2026-04-02T21:15:00.176Z] --- Starting Sync Cycle ---
[STDOUT] [2026-04-02T21:15:00.230Z] CRON SERVICE ACTIVE
[STDOUT] [2026-04-02T21:15:00.230Z] Frequency: Every 60 minutes
[STDOUT] [2026-04-02T21:15:00.230Z] Keep this window open to maintain the schedule.
[STDOUT] [2026-04-02T21:15:05.322Z] [2026-04-02T21:15:05.315Z] Job completed successfully.
[STDOUT] [2026-04-02T21:15:05.329Z] [2026-04-02T21:15:05.323Z] Next run in 1 hour...
[TIMEOUT] [2026-04-02T21:34:59.998Z] Job "Amazon Order Sync" exceeded 1200000ms. Sending SIGTERM...
[2026-04-02T21:35:00.010Z] [FINISH] Amazon Order Sync - FAILED (signal SIGTERM) - Duration: 1199.99s

[STDOUT] [2026-04-02T22:15:00.194Z] [2026-04-02T22:15:00.190Z] --- Starting Sync Cycle ---
[STDOUT] [2026-04-02T22:15:00.231Z] CRON SERVICE ACTIVE
[STDOUT] [2026-04-02T22:15:00.231Z] Frequency: Every 60 minutes
[STDOUT] [2026-04-02T22:15:00.231Z] Keep this window open to maintain the schedule.
[STDOUT] [2026-04-02T22:15:05.466Z] [2026-04-02T22:15:05.464Z] Job completed successfully.
[STDOUT] [2026-04-02T22:15:05.473Z] [2026-04-02T22:15:05.472Z] Next run in 1 hour...
[TIMEOUT] [2026-04-02T22:35:00.022Z] Job "Amazon Order Sync" exceeded 1200000ms. Sending SIGTERM...
[2026-04-02T22:35:00.031Z] [FINISH] Amazon Order Sync - FAILED (signal SIGTERM) - Duration: 1199.99s

[STDOUT] [2026-04-02T23:15:00.177Z] [2026-04-02T23:15:00.175Z] --- Starting Sync Cycle ---
[STDOUT] [2026-04-02T23:15:00.212Z] CRON SERVICE ACTIVE
[STDOUT] [2026-04-02T23:15:00.213Z] Frequency: Every 60 minutes
[STDOUT] [2026-04-02T23:15:00.213Z] Keep this window open to maintain the schedule.
[STDOUT] [2026-04-02T23:15:04.259Z] [2026-04-02T23:15:04.259Z] Job completed successfully.
[STDOUT] [2026-04-02T23:15:04.267Z] [2026-04-02T23:15:04.267Z] Next run in 1 hour...
[TIMEOUT] [2026-04-02T23:35:00.020Z] Job "Amazon Order Sync" exceeded 1200000ms. Sending SIGTERM...
[2026-04-02T23:35:00.029Z] [FINISH] Amazon Order Sync - FAILED (signal SIGTERM) - Duration: 1200.00s

[STDOUT] [2026-04-03T00:15:00.185Z] [2026-04-03T00:15:00.180Z] --- Starting Sync Cycle ---
[STDOUT] [2026-04-03T00:15:00.224Z] CRON SERVICE ACTIVE
[STDOUT] [2026-04-03T00:15:00.224Z] Frequency: Every 60 minutes
[STDOUT] [2026-04-03T00:15:00.224Z] Keep this window open to maintain the schedule.
[STDOUT] [2026-04-03T00:15:04.319Z] [2026-04-03T00:15:04.317Z] Job completed successfully.
[STDOUT] [2026-04-03T00:15:04.327Z] [2026-04-03T00:15:04.325Z] Next run in 1 hour...
[TIMEOUT] [2026-04-03T00:35:00.025Z] Job "Amazon Order Sync" exceeded 1200000ms. Sending SIGTERM...
[2026-04-03T00:35:00.034Z] [FINISH] Amazon Order Sync - FAILED (signal SIGTERM) - Duration: 1200.01s

[STDOUT] [2026-04-03T01:15:00.201Z] [2026-04-03T01:15:00.194Z] --- Starting Sync Cycle ---
[STDOUT] [2026-04-03T01:15:00.245Z] CRON SERVICE ACTIVE
[STDOUT] [2026-04-03T01:15:00.245Z] Frequency: Every 60 minutes
[STDOUT] [2026-04-03T01:15:00.245Z] Keep this window open to maintain the schedule.
[STDOUT] [2026-04-03T01:15:04.016Z] [2026-04-03T01:15:04.012Z] Job completed successfully.
[STDOUT] [2026-04-03T01:15:04.023Z] [2026-04-03T01:15:04.019Z] Next run in 1 hour...
[TIMEOUT] [2026-04-03T01:35:00.043Z] Job "Amazon Order Sync" exceeded 1200000ms. Sending SIGTERM...
[2026-04-03T01:35:00.052Z] [FINISH] Amazon Order Sync - FAILED (signal SIGTERM) - Duration: 1200.03s

[STDOUT] [2026-04-03T02:15:00.186Z] [2026-04-03T02:15:00.183Z] --- Starting Sync Cycle ---
[STDOUT] [2026-04-03T02:15:00.224Z] CRON SERVICE ACTIVE
[STDOUT] [2026-04-03T02:15:00.225Z] Frequency: Every 60 minutes
[STDOUT] [2026-04-03T02:15:00.225Z] Keep this window open to maintain the schedule.
[STDOUT] [2026-04-03T02:15:04.434Z] [2026-04-03T02:15:04.434Z] Job completed successfully.
[STDOUT] [2026-04-03T02:15:04.442Z] [2026-04-03T02:15:04.442Z] Next run in 1 hour...
[TIMEOUT] [2026-04-03T02:35:00.022Z] Job "Amazon Order Sync" exceeded 1200000ms. Sending SIGTERM...
[2026-04-03T02:35:00.030Z] [FINISH] Amazon Order Sync - FAILED (signal SIGTERM) - Duration: 1200.01s

[STDOUT] [2026-04-03T03:15:00.169Z] [2026-04-03T03:15:00.166Z] --- Starting Sync Cycle ---
[STDOUT] [2026-04-03T03:15:00.205Z] CRON SERVICE ACTIVE
[STDOUT] [2026-04-03T03:15:00.205Z] Frequency: Every 60 minutes
[STDOUT] [2026-04-03T03:15:00.206Z] Keep this window open to maintain the schedule.
[STDOUT] [2026-04-03T03:15:04.202Z] [2026-04-03T03:15:04.201Z] Job completed successfully.
[STDOUT] [2026-04-03T03:15:04.209Z] [2026-04-03T03:15:04.209Z] Next run in 1 hour...
[TIMEOUT] [2026-04-03T03:35:00.025Z] Job "Amazon Order Sync" exceeded 1200000ms. Sending SIGTERM...
[2026-04-03T03:35:00.034Z] [FINISH] Amazon Order Sync - FAILED (signal SIGTERM) - Duration: 1200.02s

[STDOUT] [2026-04-03T04:15:00.305Z] [2026-04-03T04:15:00.299Z] --- Starting Sync Cycle ---
[STDOUT] [2026-04-03T04:15:00.356Z] CRON SERVICE ACTIVE
[STDOUT] [2026-04-03T04:15:00.356Z] Frequency: Every 60 minutes
[STDOUT] [2026-04-03T04:15:00.356Z] Keep this window open to maintain the schedule.
[STDOUT] [2026-04-03T04:15:04.169Z] [2026-04-03T04:15:04.165Z] Job completed successfully.
[STDOUT] [2026-04-03T04:15:04.176Z] [2026-04-03T04:15:04.172Z] Next run in 1 hour...
[TIMEOUT] [2026-04-03T04:35:00.043Z] Job "Amazon Order Sync" exceeded 1200000ms. Sending SIGTERM...
[2026-04-03T04:35:00.051Z] [FINISH] Amazon Order Sync - FAILED (signal SIGTERM) - Duration: 1200.02s

[STDOUT] [2026-04-03T05:15:00.209Z] [2026-04-03T05:15:00.193Z] --- Starting Sync Cycle ---
[STDOUT] [2026-04-03T05:15:00.252Z] CRON SERVICE ACTIVE
[STDOUT] [2026-04-03T05:15:00.252Z] Frequency: Every 60 minutes
[STDOUT] [2026-04-03T05:15:00.252Z] Keep this window open to maintain the schedule.
[STDOUT] [2026-04-03T05:15:05.409Z] [2026-04-03T05:15:05.397Z] Job completed successfully.
[STDOUT] [2026-04-03T05:15:05.418Z] [2026-04-03T05:15:05.406Z] Next run in 1 hour...
[TIMEOUT] [2026-04-03T05:35:00.064Z] Job "Amazon Order Sync" exceeded 1200000ms. Sending SIGTERM...
[2026-04-03T05:35:00.076Z] [FINISH] Amazon Order Sync - FAILED (signal SIGTERM) - Duration: 1200.04s

[STDOUT] [2026-04-03T06:15:00.226Z] [2026-04-03T06:15:00.212Z] --- Starting Sync Cycle ---
[STDOUT] [2026-04-03T06:15:00.265Z] CRON SERVICE ACTIVE
[STDOUT] [2026-04-03T06:15:00.265Z] Frequency: Every 60 minutes
[STDOUT] [2026-04-03T06:15:00.265Z] Keep this window open to maintain the schedule.
[STDOUT] [2026-04-03T06:15:05.903Z] [2026-04-03T06:15:05.892Z] Job completed successfully.
[STDOUT] [2026-04-03T06:15:05.911Z] [2026-04-03T06:15:05.901Z] Next run in 1 hour...
[TIMEOUT] [2026-04-03T06:35:00.075Z] Job "Amazon Order Sync" exceeded 1200000ms. Sending SIGTERM...
[2026-04-03T06:35:00.087Z] [FINISH] Amazon Order Sync - FAILED (signal SIGTERM) - Duration: 1200.03s

[STDOUT] [2026-04-03T07:15:00.220Z] [2026-04-03T07:15:00.216Z] --- Starting Sync Cycle ---
[STDOUT] [2026-04-03T07:15:00.264Z] CRON SERVICE ACTIVE
[STDOUT] [2026-04-03T07:15:00.264Z] Frequency: Every 60 minutes
[STDOUT] [2026-04-03T07:15:00.264Z] Keep this window open to maintain the schedule.
[STDOUT] [2026-04-03T07:15:05.222Z] [2026-04-03T07:15:05.221Z] Job completed successfully.
[STDOUT] [2026-04-03T07:15:05.230Z] [2026-04-03T07:15:05.229Z] Next run in 1 hour...
[TIMEOUT] [2026-04-03T07:35:00.059Z] Job "Amazon Order Sync" exceeded 1200000ms. Sending SIGTERM...
[2026-04-03T07:35:00.071Z] [FINISH] Amazon Order Sync - FAILED (signal SIGTERM) - Duration: 1200.04s

[STDOUT] [2026-04-03T08:15:00.204Z] [2026-04-03T08:15:00.196Z] --- Starting Sync Cycle ---
[STDOUT] [2026-04-03T08:15:00.247Z] CRON SERVICE ACTIVE
[STDOUT] [2026-04-03T08:15:00.247Z] Frequency: Every 60 minutes
[STDOUT] [2026-04-03T08:15:00.248Z] Keep this window open to maintain the schedule.
[STDOUT] [2026-04-03T08:15:02.248Z] [2026-04-03T08:15:02.244Z] Job completed successfully.
[STDOUT] [2026-04-03T08:15:02.259Z] [2026-04-03T08:15:02.254Z] Next run in 1 hour...
[TIMEOUT] [2026-04-03T08:35:00.037Z] Job "Amazon Order Sync" exceeded 1200000ms. Sending SIGTERM...
[2026-04-03T08:35:00.047Z] [FINISH] Amazon Order Sync - FAILED (signal SIGTERM) - Duration: 1200.02s

[STDOUT] [2026-04-03T09:15:00.217Z] [2026-04-03T09:15:00.213Z] --- Starting Sync Cycle ---
[STDOUT] [2026-04-03T09:15:00.260Z] CRON SERVICE ACTIVE
[STDOUT] [2026-04-03T09:15:00.260Z] Frequency: Every 60 minutes
[STDOUT] [2026-04-03T09:15:00.261Z] Keep this window open to maintain the schedule.
[STDOUT] [2026-04-03T09:15:04.035Z] [2026-04-03T09:15:04.035Z] Job completed successfully.
[STDOUT] [2026-04-03T09:15:04.044Z] [2026-04-03T09:15:04.044Z] Next run in 1 hour...
[TIMEOUT] [2026-04-03T09:35:00.043Z] Job "Amazon Order Sync" exceeded 1200000ms. Sending SIGTERM...
[2026-04-03T09:35:00.052Z] [FINISH] Amazon Order Sync - FAILED (signal SIGTERM) - Duration: 1200.03s

[STDOUT] [2026-04-03T10:15:00.198Z] [2026-04-03T10:15:00.186Z] --- Starting Sync Cycle ---
[STDOUT] [2026-04-03T10:15:00.241Z] CRON SERVICE ACTIVE
[STDOUT] [2026-04-03T10:15:00.241Z] Frequency: Every 60 minutes
[STDOUT] [2026-04-03T10:15:00.241Z] Keep this window open to maintain the schedule.
[STDOUT] [2026-04-03T10:15:05.552Z] [2026-04-03T10:15:05.543Z] Job completed successfully.
[STDOUT] [2026-04-03T10:15:05.561Z] [2026-04-03T10:15:05.551Z] Next run in 1 hour...
[TIMEOUT] [2026-04-03T10:35:00.026Z] Job "Amazon Order Sync" exceeded 1200000ms. Sending SIGTERM...
[2026-04-03T10:35:00.035Z] [FINISH] Amazon Order Sync - FAILED (signal SIGTERM) - Duration: 1200.02s

[STDOUT] [2026-04-03T11:15:00.189Z] [2026-04-03T11:15:00.185Z] --- Starting Sync Cycle ---
[STDOUT] [2026-04-03T11:15:00.229Z] CRON SERVICE ACTIVE
[STDOUT] [2026-04-03T11:15:00.229Z] Frequency: Every 60 minutes
[STDOUT] [2026-04-03T11:15:00.229Z] Keep this window open to maintain the schedule.
[STDOUT] [2026-04-03T11:15:04.486Z] [2026-04-03T11:15:04.486Z] Job completed successfully.
[STDOUT] [2026-04-03T11:15:04.495Z] [2026-04-03T11:15:04.494Z] Next run in 1 hour...
[TIMEOUT] [2026-04-03T11:35:00.023Z] Job "Amazon Order Sync" exceeded 1200000ms. Sending SIGTERM...
[2026-04-03T11:35:00.033Z] [FINISH] Amazon Order Sync - FAILED (signal SIGTERM) - Duration: 1200.02s

[STDOUT] [2026-04-03T12:15:00.210Z] [2026-04-03T12:15:00.200Z] --- Starting Sync Cycle ---
[STDOUT] [2026-04-03T12:15:00.255Z] CRON SERVICE ACTIVE
[STDOUT] [2026-04-03T12:15:00.255Z] Frequency: Every 60 minutes
[STDOUT] [2026-04-03T12:15:00.255Z] Keep this window open to maintain the schedule.
[STDOUT] [2026-04-03T12:15:05.403Z] [2026-04-03T12:15:05.396Z] Job completed successfully.
[STDOUT] [2026-04-03T12:15:05.411Z] [2026-04-03T12:15:05.404Z] Next run in 1 hour...
[TIMEOUT] [2026-04-03T12:35:00.052Z] Job "Amazon Order Sync" exceeded 1200000ms. Sending SIGTERM...
[2026-04-03T12:35:00.062Z] [FINISH] Amazon Order Sync - FAILED (signal SIGTERM) - Duration: 1200.03s

[STDOUT] [2026-04-03T13:15:00.190Z] [2026-04-03T13:15:00.180Z] --- Starting Sync Cycle ---
[STDOUT] [2026-04-03T13:15:00.228Z] CRON SERVICE ACTIVE
[STDOUT] [2026-04-03T13:15:00.229Z] Frequency: Every 60 minutes
[STDOUT] [2026-04-03T13:15:00.229Z] Keep this window open to maintain the schedule.
[STDOUT] [2026-04-03T13:15:05.361Z] [2026-04-03T13:15:05.354Z] Job completed successfully.
[STDOUT] [2026-04-03T13:15:05.369Z] [2026-04-03T13:15:05.362Z] Next run in 1 hour...
[TIMEOUT] [2026-04-03T13:35:00.034Z] Job "Amazon Order Sync" exceeded 1200000ms. Sending SIGTERM...
[2026-04-03T13:35:00.044Z] [FINISH] Amazon Order Sync - FAILED (signal SIGTERM) - Duration: 1200.02s

[STDOUT] [2026-04-03T14:15:00.201Z] [2026-04-03T14:15:00.190Z] --- Starting Sync Cycle ---
[STDOUT] [2026-04-03T14:15:00.250Z] CRON SERVICE ACTIVE
[STDOUT] [2026-04-03T14:15:00.250Z] Frequency: Every 60 minutes
[STDOUT] [2026-04-03T14:15:00.250Z] Keep this window open to maintain the schedule.
[STDOUT] [2026-04-03T14:15:04.417Z] [2026-04-03T14:15:04.411Z] Job completed successfully.
[STDOUT] [2026-04-03T14:15:04.425Z] [2026-04-03T14:15:04.420Z] Next run in 1 hour...
[TIMEOUT] [2026-04-03T14:34:59.908Z] Job "Amazon Order Sync" exceeded 1200000ms. Sending SIGTERM...
[2026-04-03T14:34:59.920Z] [FINISH] Amazon Order Sync - FAILED (signal SIGTERM) - Duration: 1199.90s

[STDOUT] [2026-04-03T15:15:00.397Z] [2026-04-03T15:15:00.392Z] --- Starting Sync Cycle ---
[STDOUT] [2026-04-03T15:15:00.475Z] CRON SERVICE ACTIVE
[STDOUT] [2026-04-03T15:15:00.475Z] Frequency: Every 60 minutes
[STDOUT] [2026-04-03T15:15:00.475Z] Keep this window open to maintain the schedule.
[STDOUT] [2026-04-03T15:15:04.188Z] [2026-04-03T15:15:04.186Z] Job completed successfully.
[STDOUT] [2026-04-03T15:15:04.197Z] [2026-04-03T15:15:04.195Z] Next run in 1 hour...
[TIMEOUT] [2026-04-03T15:34:59.989Z] Job "Amazon Order Sync" exceeded 1200000ms. Sending SIGTERM...
[2026-04-03T15:35:00.001Z] [FINISH] Amazon Order Sync - FAILED (signal SIGTERM) - Duration: 1199.96s

[STDOUT] [2026-04-03T16:15:00.193Z] [2026-04-03T16:15:00.177Z] --- Starting Sync Cycle ---
[STDOUT] [2026-04-03T16:15:00.237Z] CRON SERVICE ACTIVE
[STDOUT] [2026-04-03T16:15:00.237Z] Frequency: Every 60 minutes
[STDOUT] [2026-04-03T16:15:00.237Z] Keep this window open to maintain the schedule.
[STDOUT] [2026-04-03T16:15:06.045Z] [2026-04-03T16:15:06.033Z] Job completed successfully.
[STDOUT] [2026-04-03T16:15:06.054Z] [2026-04-03T16:15:06.043Z] Next run in 1 hour...
[TIMEOUT] [2026-04-03T16:34:59.982Z] Job "Amazon Order Sync" exceeded 1200000ms. Sending SIGTERM...
[2026-04-03T16:34:59.995Z] [FINISH] Amazon Order Sync - FAILED (signal SIGTERM) - Duration: 1199.97s

[STDOUT] [2026-04-03T17:15:00.197Z] [2026-04-03T17:15:00.193Z] --- Starting Sync Cycle ---
[STDOUT] [2026-04-03T17:15:00.241Z] CRON SERVICE ACTIVE
[STDOUT] [2026-04-03T17:15:00.241Z] Frequency: Every 60 minutes
[STDOUT] [2026-04-03T17:15:00.241Z] Keep this window open to maintain the schedule.
[STDOUT] [2026-04-03T17:15:05.314Z] [2026-04-03T17:15:05.313Z] Job completed successfully.
[STDOUT] [2026-04-03T17:15:05.322Z] [2026-04-03T17:15:05.322Z] Next run in 1 hour...
[TIMEOUT] [2026-04-03T17:35:00.004Z] Job "Amazon Order Sync" exceeded 1200000ms. Sending SIGTERM...
[2026-04-03T17:35:00.014Z] [FINISH] Amazon Order Sync - FAILED (signal SIGTERM) - Duration: 1199.99s

[STDOUT] [2026-04-03T18:15:00.200Z] [2026-04-03T18:15:00.197Z] --- Starting Sync Cycle ---
[STDOUT] [2026-04-03T18:15:00.244Z] CRON SERVICE ACTIVE
[STDOUT] [2026-04-03T18:15:00.244Z] Frequency: Every 60 minutes
[STDOUT] [2026-04-03T18:15:00.244Z] Keep this window open to maintain the schedule.
[STDOUT] [2026-04-03T18:15:04.630Z] [2026-04-03T18:15:04.630Z] Job completed successfully.
[STDOUT] [2026-04-03T18:15:04.638Z] [2026-04-03T18:15:04.638Z] Next run in 1 hour...
[TIMEOUT] [2026-04-03T18:35:00.035Z] Job "Amazon Order Sync" exceeded 1200000ms. Sending SIGTERM...
[2026-04-03T18:35:00.045Z] [FINISH] Amazon Order Sync - FAILED (signal SIGTERM) - Duration: 1200.01s

[STDOUT] [2026-04-03T19:15:00.186Z] [2026-04-03T19:15:00.174Z] --- Starting Sync Cycle ---
[STDOUT] [2026-04-03T19:15:00.229Z] CRON SERVICE ACTIVE
[STDOUT] [2026-04-03T19:15:00.229Z] Frequency: Every 60 minutes
[STDOUT] [2026-04-03T19:15:00.229Z] Keep this window open to maintain the schedule.
[STDOUT] [2026-04-03T19:15:04.537Z] [2026-04-03T19:15:04.529Z] Job completed successfully.
[STDOUT] [2026-04-03T19:15:04.545Z] [2026-04-03T19:15:04.537Z] Next run in 1 hour...
[TIMEOUT] [2026-04-03T19:35:00.013Z] Job "Amazon Order Sync" exceeded 1200000ms. Sending SIGTERM...
[2026-04-03T19:35:00.025Z] [FINISH] Amazon Order Sync - FAILED (signal SIGTERM) - Duration: 1200.01s

[STDOUT] [2026-04-03T20:15:00.204Z] [2026-04-03T20:15:00.196Z] --- Starting Sync Cycle ---
[STDOUT] [2026-04-03T20:15:00.244Z] CRON SERVICE ACTIVE
[STDOUT] [2026-04-03T20:15:00.244Z] Frequency: Every 60 minutes
[STDOUT] [2026-04-03T20:15:00.244Z] Keep this window open to maintain the schedule.
[STDOUT] [2026-04-03T20:15:05.294Z] [2026-04-03T20:15:05.290Z] Job completed successfully.
[STDOUT] [2026-04-03T20:15:05.303Z] [2026-04-03T20:15:05.299Z] Next run in 1 hour...
[TIMEOUT] [2026-04-03T20:35:00.040Z] Job "Amazon Order Sync" exceeded 1200000ms. Sending SIGTERM...
[2026-04-03T20:35:00.050Z] [FINISH] Amazon Order Sync - FAILED (signal SIGTERM) - Duration: 1200.01s

[STDOUT] [2026-04-03T21:15:00.205Z] [2026-04-03T21:15:00.199Z] --- Starting Sync Cycle ---
[STDOUT] [2026-04-03T21:15:00.245Z] CRON SERVICE ACTIVE
[STDOUT] [2026-04-03T21:15:00.245Z] Frequency: Every 60 minutes
[STDOUT] [2026-04-03T21:15:00.246Z] Keep this window open to maintain the schedule.
[STDOUT] [2026-04-03T21:15:05.153Z] [2026-04-03T21:15:05.150Z] Job completed successfully.
[STDOUT] [2026-04-03T21:15:05.161Z] [2026-04-03T21:15:05.158Z] Next run in 1 hour...
[TIMEOUT] [2026-04-03T21:35:00.046Z] Job "Amazon Order Sync" exceeded 1200000ms. Sending SIGTERM...
[2026-04-03T21:35:00.056Z] [FINISH] Amazon Order Sync - FAILED (signal SIGTERM) - Duration: 1200.01s

[STDOUT] [2026-04-03T22:15:00.235Z] [2026-04-03T22:15:00.224Z] --- Starting Sync Cycle ---
[STDOUT] [2026-04-03T22:15:00.277Z] CRON SERVICE ACTIVE
[STDOUT] [2026-04-03T22:15:00.277Z] Frequency: Every 60 minutes
[STDOUT] [2026-04-03T22:15:00.278Z] Keep this window open to maintain the schedule.
[STDOUT] [2026-04-03T22:15:05.526Z] [2026-04-03T22:15:05.519Z] Job completed successfully.
[STDOUT] [2026-04-03T22:15:05.535Z] [2026-04-03T22:15:05.527Z] Next run in 1 hour...
[TIMEOUT] [2026-04-03T22:35:00.059Z] Job "Amazon Order Sync" exceeded 1200000ms. Sending SIGTERM...
[2026-04-03T22:35:00.070Z] [FINISH] Amazon Order Sync - FAILED (signal SIGTERM) - Duration: 1200.03s

[STDOUT] [2026-04-03T23:15:00.215Z] [2026-04-03T23:15:00.212Z] --- Starting Sync Cycle ---
[STDOUT] [2026-04-03T23:15:00.254Z] CRON SERVICE ACTIVE
[STDOUT] [2026-04-03T23:15:00.254Z] Frequency: Every 60 minutes
[STDOUT] [2026-04-03T23:15:00.254Z] Keep this window open to maintain the schedule.
[STDOUT] [2026-04-03T23:15:05.566Z] [2026-04-03T23:15:05.565Z] Job completed successfully.
[STDOUT] [2026-04-03T23:15:05.573Z] [2026-04-03T23:15:05.573Z] Next run in 1 hour...
[TIMEOUT] [2026-04-03T23:35:00.068Z] Job "Amazon Order Sync" exceeded 1200000ms. Sending SIGTERM...
[2026-04-03T23:35:00.080Z] [FINISH] Amazon Order Sync - FAILED (signal SIGTERM) - Duration: 1200.05s

[STDOUT] [2026-04-04T00:15:00.233Z] [2026-04-04T00:15:00.216Z] --- Starting Sync Cycle ---
[STDOUT] [2026-04-04T00:15:00.274Z] CRON SERVICE ACTIVE
[STDOUT] [2026-04-04T00:15:00.274Z] Frequency: Every 60 minutes
[STDOUT] [2026-04-04T00:15:00.275Z] Keep this window open to maintain the schedule.
[STDOUT] [2026-04-04T00:15:03.380Z] [2026-04-04T00:15:03.366Z] Job completed successfully.
[STDOUT] [2026-04-04T00:15:03.389Z] [2026-04-04T00:15:03.375Z] Next run in 1 hour...
[TIMEOUT] [2026-04-04T00:35:00.099Z] Job "Amazon Order Sync" exceeded 1200000ms. Sending SIGTERM...
[2026-04-04T00:35:00.110Z] [FINISH] Amazon Order Sync - FAILED (signal SIGTERM) - Duration: 1200.05s

[STDOUT] [2026-04-04T01:15:00.219Z] [2026-04-04T01:15:00.203Z] --- Starting Sync Cycle ---
[STDOUT] [2026-04-04T01:15:00.260Z] CRON SERVICE ACTIVE
[STDOUT] [2026-04-04T01:15:00.261Z] Frequency: Every 60 minutes
[STDOUT] [2026-04-04T01:15:00.261Z] Keep this window open to maintain the schedule.
[STDOUT] [2026-04-04T01:15:03.896Z] [2026-04-04T01:15:03.883Z] Job completed successfully.
[STDOUT] [2026-04-04T01:15:03.904Z] [2026-04-04T01:15:03.891Z] Next run in 1 hour...
[TIMEOUT] [2026-04-04T01:35:00.081Z] Job "Amazon Order Sync" exceeded 1200000ms. Sending SIGTERM...
[2026-04-04T01:35:00.093Z] [FINISH] Amazon Order Sync - FAILED (signal SIGTERM) - Duration: 1200.04s

[STDOUT] [2026-04-04T02:15:00.213Z] [2026-04-04T02:15:00.209Z] --- Starting Sync Cycle ---
[STDOUT] [2026-04-04T02:15:00.259Z] CRON SERVICE ACTIVE
[STDOUT] [2026-04-04T02:15:00.260Z] Frequency: Every 60 minutes
[STDOUT] [2026-04-04T02:15:00.260Z] Keep this window open to maintain the schedule.
[STDOUT] [2026-04-04T02:15:04.014Z] [2026-04-04T02:15:04.014Z] Job completed successfully.
[STDOUT] [2026-04-04T02:15:04.024Z] [2026-04-04T02:15:04.024Z] Next run in 1 hour...
[TIMEOUT] [2026-04-04T02:35:00.050Z] Job "Amazon Order Sync" exceeded 1200000ms. Sending SIGTERM...
[2026-04-04T02:35:00.061Z] [FINISH] Amazon Order Sync - FAILED (signal SIGTERM) - Duration: 1200.03s

[STDOUT] [2026-04-04T03:15:00.193Z] [2026-04-04T03:15:00.185Z] --- Starting Sync Cycle ---
[STDOUT] [2026-04-04T03:15:00.234Z] CRON SERVICE ACTIVE
[STDOUT] [2026-04-04T03:15:00.234Z] Frequency: Every 60 minutes
[STDOUT] [2026-04-04T03:15:00.234Z] Keep this window open to maintain the schedule.
[STDOUT] [2026-04-04T03:15:04.036Z] [2026-04-04T03:15:04.031Z] Job completed successfully.
[STDOUT] [2026-04-04T03:15:04.045Z] [2026-04-04T03:15:04.040Z] Next run in 1 hour...
[TIMEOUT] [2026-04-04T03:35:00.042Z] Job "Amazon Order Sync" exceeded 1200000ms. Sending SIGTERM...
[2026-04-04T03:35:00.051Z] [FINISH] Amazon Order Sync - FAILED (signal SIGTERM) - Duration: 1200.04s

[STDOUT] [2026-04-04T04:15:00.373Z] [2026-04-04T04:15:00.362Z] --- Starting Sync Cycle ---
[STDOUT] [2026-04-04T04:15:00.445Z] CRON SERVICE ACTIVE
[STDOUT] [2026-04-04T04:15:00.445Z] Frequency: Every 60 minutes
[STDOUT] [2026-04-04T04:15:00.446Z] Keep this window open to maintain the schedule.
[STDOUT] [2026-04-04T04:15:05.148Z] [2026-04-04T04:15:05.141Z] Job completed successfully.
[STDOUT] [2026-04-04T04:15:05.157Z] [2026-04-04T04:15:05.150Z] Next run in 1 hour...
[TIMEOUT] [2026-04-04T04:35:00.046Z] Job "Amazon Order Sync" exceeded 1200000ms. Sending SIGTERM...
[2026-04-04T04:35:00.056Z] [FINISH] Amazon Order Sync - FAILED (signal SIGTERM) - Duration: 1200.02s

[STDOUT] [2026-04-04T05:15:00.188Z] [2026-04-04T05:15:00.185Z] --- Starting Sync Cycle ---
[STDOUT] [2026-04-04T05:15:00.232Z] CRON SERVICE ACTIVE
[STDOUT] [2026-04-04T05:15:00.232Z] Frequency: Every 60 minutes
[STDOUT] [2026-04-04T05:15:00.232Z] Keep this window open to maintain the schedule.
[STDOUT] [2026-04-04T05:15:04.336Z] [2026-04-04T05:15:04.336Z] Job completed successfully.
[STDOUT] [2026-04-04T05:15:04.344Z] [2026-04-04T05:15:04.344Z] Next run in 1 hour...
[TIMEOUT] [2026-04-04T05:35:00.015Z] Job "Amazon Order Sync" exceeded 1200000ms. Sending SIGTERM...
[2026-04-04T05:35:00.028Z] [FINISH] Amazon Order Sync - FAILED (signal SIGTERM) - Duration: 1200.02s

[STDOUT] [2026-04-04T06:15:00.187Z] [2026-04-04T06:15:00.172Z] --- Starting Sync Cycle ---
[STDOUT] [2026-04-04T06:15:00.228Z] CRON SERVICE ACTIVE
[STDOUT] [2026-04-04T06:15:00.229Z] Frequency: Every 60 minutes
[STDOUT] [2026-04-04T06:15:00.229Z] Keep this window open to maintain the schedule.
[STDOUT] [2026-04-04T06:15:05.431Z] [2026-04-04T06:15:05.419Z] Job completed successfully.
[STDOUT] [2026-04-04T06:15:05.439Z] [2026-04-04T06:15:05.428Z] Next run in 1 hour...
[TIMEOUT] [2026-04-04T06:35:00.041Z] Job "Amazon Order Sync" exceeded 1200000ms. Sending SIGTERM...
[2026-04-04T06:35:00.053Z] [FINISH] Amazon Order Sync - FAILED (signal SIGTERM) - Duration: 1200.03s

[STDOUT] [2026-04-04T07:15:00.202Z] [2026-04-04T07:15:00.183Z] --- Starting Sync Cycle ---
[STDOUT] [2026-04-04T07:15:00.245Z] CRON SERVICE ACTIVE
[STDOUT] [2026-04-04T07:15:00.246Z] Frequency: Every 60 minutes
[STDOUT] [2026-04-04T07:15:00.246Z] Keep this window open to maintain the schedule.
[STDOUT] [2026-04-04T07:15:05.367Z] [2026-04-04T07:15:05.352Z] Job completed successfully.
[STDOUT] [2026-04-04T07:15:05.376Z] [2026-04-04T07:15:05.360Z] Next run in 1 hour...
[TIMEOUT] [2026-04-04T07:35:00.053Z] Job "Amazon Order Sync" exceeded 1200000ms. Sending SIGTERM...
[2026-04-04T07:35:00.066Z] [FINISH] Amazon Order Sync - FAILED (signal SIGTERM) - Duration: 1200.04s

[STDOUT] [2026-04-04T08:15:00.191Z] [2026-04-04T08:15:00.181Z] --- Starting Sync Cycle ---
[STDOUT] [2026-04-04T08:15:00.232Z] CRON SERVICE ACTIVE
[STDOUT] [2026-04-04T08:15:00.232Z] Frequency: Every 60 minutes
[STDOUT] [2026-04-04T08:15:00.232Z] Keep this window open to maintain the schedule.
[STDOUT] [2026-04-04T08:15:05.213Z] [2026-04-04T08:15:05.209Z] Job completed successfully.
[STDOUT] [2026-04-04T08:15:05.221Z] [2026-04-04T08:15:05.217Z] Next run in 1 hour...
[TIMEOUT] [2026-04-04T08:34:59.900Z] Job "Amazon Order Sync" exceeded 1200000ms. Sending SIGTERM...
[2026-04-04T08:34:59.911Z] [FINISH] Amazon Order Sync - FAILED (signal SIGTERM) - Duration: 1199.89s

[STDOUT] [2026-04-04T09:15:00.189Z] [2026-04-04T09:15:00.170Z] --- Starting Sync Cycle ---
[STDOUT] [2026-04-04T09:15:00.230Z] CRON SERVICE ACTIVE
[STDOUT] [2026-04-04T09:15:00.230Z] Frequency: Every 60 minutes
[STDOUT] [2026-04-04T09:15:00.230Z] Keep this window open to maintain the schedule.
[STDOUT] [2026-04-04T09:15:05.851Z] [2026-04-04T09:15:05.837Z] Job completed successfully.
[STDOUT] [2026-04-04T09:15:05.861Z] [2026-04-04T09:15:05.847Z] Next run in 1 hour...
[TIMEOUT] [2026-04-04T09:34:59.938Z] Job "Amazon Order Sync" exceeded 1200000ms. Sending SIGTERM...
[2026-04-04T09:34:59.947Z] [FINISH] Amazon Order Sync - FAILED (signal SIGTERM) - Duration: 1199.93s

[STDOUT] [2026-04-04T10:15:00.197Z] [2026-04-04T10:15:00.185Z] --- Starting Sync Cycle ---
[STDOUT] [2026-04-04T10:15:00.242Z] CRON SERVICE ACTIVE
[STDOUT] [2026-04-04T10:15:00.242Z] Frequency: Every 60 minutes
[STDOUT] [2026-04-04T10:15:00.242Z] Keep this window open to maintain the schedule.
[STDOUT] [2026-04-04T10:15:04.408Z] [2026-04-04T10:15:04.400Z] Job completed successfully.
[STDOUT] [2026-04-04T10:15:04.416Z] [2026-04-04T10:15:04.407Z] Next run in 1 hour...
[TIMEOUT] [2026-04-04T10:34:59.964Z] Job "Amazon Order Sync" exceeded 1200000ms. Sending SIGTERM...
[2026-04-04T10:34:59.973Z] [FINISH] Amazon Order Sync - FAILED (signal SIGTERM) - Duration: 1199.96s

[STDOUT] [2026-04-04T11:15:00.206Z] [2026-04-04T11:15:00.199Z] --- Starting Sync Cycle ---
[STDOUT] [2026-04-04T11:15:00.248Z] CRON SERVICE ACTIVE
[STDOUT] [2026-04-04T11:15:00.248Z] Frequency: Every 60 minutes
[STDOUT] [2026-04-04T11:15:00.248Z] Keep this window open to maintain the schedule.
[STDOUT] [2026-04-04T11:15:05.131Z] [2026-04-04T11:15:05.127Z] Job completed successfully.
[STDOUT] [2026-04-04T11:15:05.139Z] [2026-04-04T11:15:05.135Z] Next run in 1 hour...
[TIMEOUT] [2026-04-04T11:35:00.002Z] Job "Amazon Order Sync" exceeded 1200000ms. Sending SIGTERM...
[2026-04-04T11:35:00.012Z] [FINISH] Amazon Order Sync - FAILED (signal SIGTERM) - Duration: 1199.98s

[STDOUT] [2026-04-04T12:15:00.615Z] [2026-04-04T12:15:00.608Z] --- Starting Sync Cycle ---
[STDOUT] [2026-04-04T12:15:00.724Z] CRON SERVICE ACTIVE
[STDOUT] [2026-04-04T12:15:00.724Z] Frequency: Every 60 minutes
[STDOUT] [2026-04-04T12:15:00.725Z] Keep this window open to maintain the schedule.
[STDOUT] [2026-04-04T12:15:04.746Z] [2026-04-04T12:15:04.746Z] Job completed successfully.
[STDOUT] [2026-04-04T12:15:04.758Z] [2026-04-04T12:15:04.758Z] Next run in 1 hour...
[TIMEOUT] [2026-04-04T12:35:00.028Z] Job "Amazon Order Sync" exceeded 1200000ms. Sending SIGTERM...
[2026-04-04T12:35:00.042Z] [FINISH] Amazon Order Sync - FAILED (signal SIGTERM) - Duration: 1200.01s

[STDOUT] [2026-04-04T13:15:00.211Z] [2026-04-04T13:15:00.207Z] --- Starting Sync Cycle ---
[STDOUT] [2026-04-04T13:15:00.260Z] CRON SERVICE ACTIVE
[STDOUT] [2026-04-04T13:15:00.260Z] Frequency: Every 60 minutes
[STDOUT] [2026-04-04T13:15:00.261Z] Keep this window open to maintain the schedule.
[STDOUT] [2026-04-04T13:15:02.195Z] [2026-04-04T13:15:02.195Z] Job completed successfully.
[STDOUT] [2026-04-04T13:15:02.206Z] [2026-04-04T13:15:02.207Z] Next run in 1 hour...
[TIMEOUT] [2026-04-04T13:35:00.018Z] Job "Amazon Order Sync" exceeded 1200000ms. Sending SIGTERM...
[2026-04-04T13:35:00.031Z] [FINISH] Amazon Order Sync - FAILED (signal SIGTERM) - Duration: 1200.01s

[STDOUT] [2026-04-04T14:15:00.205Z] [2026-04-04T14:15:00.203Z] --- Starting Sync Cycle ---
[STDOUT] [2026-04-04T14:15:00.250Z] CRON SERVICE ACTIVE
[STDOUT] [2026-04-04T14:15:00.250Z] Frequency: Every 60 minutes
[STDOUT] [2026-04-04T14:15:00.250Z] Keep this window open to maintain the schedule.
[STDOUT] [2026-04-04T14:15:03.277Z] [2026-04-04T14:15:03.277Z] Job completed successfully.
[STDOUT] [2026-04-04T14:15:03.290Z] [2026-04-04T14:15:03.289Z] Next run in 1 hour...
[TIMEOUT] [2026-04-04T14:35:00.037Z] Job "Amazon Order Sync" exceeded 1200000ms. Sending SIGTERM...
[2026-04-04T14:35:00.044Z] [FINISH] Amazon Order Sync - FAILED (signal SIGTERM) - Duration: 1200.01s

[STDOUT] [2026-04-04T15:15:00.181Z] [2026-04-04T15:15:00.174Z] --- Starting Sync Cycle ---
[STDOUT] [2026-04-04T15:15:00.224Z] CRON SERVICE ACTIVE
[STDOUT] [2026-04-04T15:15:00.225Z] Frequency: Every 60 minutes
[STDOUT] [2026-04-04T15:15:00.225Z] Keep this window open to maintain the schedule.
[STDOUT] [2026-04-04T15:15:04.578Z] [2026-04-04T15:15:04.574Z] Job completed successfully.
[STDOUT] [2026-04-04T15:15:04.588Z] [2026-04-04T15:15:04.584Z] Next run in 1 hour...
[TIMEOUT] [2026-04-04T15:35:00.036Z] Job "Amazon Order Sync" exceeded 1200000ms. Sending SIGTERM...
[2026-04-04T15:35:00.046Z] [FINISH] Amazon Order Sync - FAILED (signal SIGTERM) - Duration: 1200.02s

[STDOUT] [2026-04-04T16:15:00.407Z] [2026-04-04T16:15:00.401Z] --- Starting Sync Cycle ---
[STDOUT] [2026-04-04T16:15:00.481Z] CRON SERVICE ACTIVE
[STDOUT] [2026-04-04T16:15:00.482Z] Frequency: Every 60 minutes
[STDOUT] [2026-04-04T16:15:00.482Z] Keep this window open to maintain the schedule.
[STDOUT] [2026-04-04T16:15:05.729Z] [2026-04-04T16:15:05.726Z] Job completed successfully.
[STDOUT] [2026-04-04T16:15:05.739Z] [2026-04-04T16:15:05.736Z] Next run in 1 hour...
[TIMEOUT] [2026-04-04T16:35:00.032Z] Job "Amazon Order Sync" exceeded 1200000ms. Sending SIGTERM...
[2026-04-04T16:35:00.041Z] [FINISH] Amazon Order Sync - FAILED (signal SIGTERM) - Duration: 1200.01s

[STDOUT] [2026-04-04T17:15:00.191Z] [2026-04-04T17:15:00.186Z] --- Starting Sync Cycle ---
[STDOUT] [2026-04-04T17:15:00.235Z] CRON SERVICE ACTIVE
[STDOUT] [2026-04-04T17:15:00.235Z] Frequency: Every 60 minutes
[STDOUT] [2026-04-04T17:15:00.235Z] Keep this window open to maintain the schedule.
[STDOUT] [2026-04-04T17:15:05.718Z] [2026-04-04T17:15:05.717Z] Job completed successfully.
[STDOUT] [2026-04-04T17:15:05.727Z] [2026-04-04T17:15:05.726Z] Next run in 1 hour...
[TIMEOUT] [2026-04-04T17:34:59.897Z] Job "Amazon Order Sync" exceeded 1200000ms. Sending SIGTERM...
[2026-04-04T17:34:59.909Z] [FINISH] Amazon Order Sync - FAILED (signal SIGTERM) - Duration: 1199.89s

[STDOUT] [2026-04-04T18:15:00.189Z] [2026-04-04T18:15:00.174Z] --- Starting Sync Cycle ---
[STDOUT] [2026-04-04T18:15:00.231Z] CRON SERVICE ACTIVE
[STDOUT] [2026-04-04T18:15:00.231Z] Frequency: Every 60 minutes
[STDOUT] [2026-04-04T18:15:00.231Z] Keep this window open to maintain the schedule.
[STDOUT] [2026-04-04T18:15:04.992Z] [2026-04-04T18:15:04.981Z] Job completed successfully.
[STDOUT] [2026-04-04T18:15:05.002Z] [2026-04-04T18:15:04.990Z] Next run in 1 hour...
[TIMEOUT] [2026-04-04T18:34:59.960Z] Job "Amazon Order Sync" exceeded 1200000ms. Sending SIGTERM...
[2026-04-04T18:34:59.972Z] [FINISH] Amazon Order Sync - FAILED (signal SIGTERM) - Duration: 1199.95s

[STDOUT] [2026-04-04T19:15:00.203Z] [2026-04-04T19:15:00.184Z] --- Starting Sync Cycle ---
[STDOUT] [2026-04-04T19:15:00.251Z] CRON SERVICE ACTIVE
[STDOUT] [2026-04-04T19:15:00.251Z] Frequency: Every 60 minutes
[STDOUT] [2026-04-04T19:15:00.251Z] Keep this window open to maintain the schedule.
[STDOUT] [2026-04-04T19:15:05.159Z] [2026-04-04T19:15:05.146Z] Job completed successfully.
[STDOUT] [2026-04-04T19:15:05.169Z] [2026-04-04T19:15:05.156Z] Next run in 1 hour...
[TIMEOUT] [2026-04-04T19:34:59.986Z] Job "Amazon Order Sync" exceeded 1200000ms. Sending SIGTERM...
[2026-04-04T19:34:59.998Z] [FINISH] Amazon Order Sync - FAILED (signal SIGTERM) - Duration: 1199.97s

[STDOUT] [2026-04-04T20:15:00.195Z] [2026-04-04T20:15:00.179Z] --- Starting Sync Cycle ---
[STDOUT] [2026-04-04T20:15:00.240Z] CRON SERVICE ACTIVE
[STDOUT] [2026-04-04T20:15:00.240Z] Frequency: Every 60 minutes
[STDOUT] [2026-04-04T20:15:00.240Z] Keep this window open to maintain the schedule.
[STDOUT] [2026-04-04T20:15:04.539Z] [2026-04-04T20:15:04.527Z] Job completed successfully.
[STDOUT] [2026-04-04T20:15:04.550Z] [2026-04-04T20:15:04.538Z] Next run in 1 hour...
[TIMEOUT] [2026-04-04T20:35:00.000Z] Job "Amazon Order Sync" exceeded 1200000ms. Sending SIGTERM...
[2026-04-04T20:35:00.011Z] [FINISH] Amazon Order Sync - FAILED (signal SIGTERM) - Duration: 1199.98s

[STDOUT] [2026-04-04T21:15:00.190Z] [2026-04-04T21:15:00.177Z] --- Starting Sync Cycle ---
[STDOUT] [2026-04-04T21:15:00.234Z] CRON SERVICE ACTIVE
[STDOUT] [2026-04-04T21:15:00.235Z] Frequency: Every 60 minutes
[STDOUT] [2026-04-04T21:15:00.235Z] Keep this window open to maintain the schedule.
[STDOUT] [2026-04-04T21:15:05.341Z] [2026-04-04T21:15:05.331Z] Job completed successfully.
[STDOUT] [2026-04-04T21:15:05.350Z] [2026-04-04T21:15:05.340Z] Next run in 1 hour...
[TIMEOUT] [2026-04-04T21:35:00.007Z] Job "Amazon Order Sync" exceeded 1200000ms. Sending SIGTERM...
[2026-04-04T21:35:00.019Z] [FINISH] Amazon Order Sync - FAILED (signal SIGTERM) - Duration: 1199.99s

[STDOUT] [2026-04-04T22:15:00.187Z] [2026-04-04T22:15:00.174Z] --- Starting Sync Cycle ---
[STDOUT] [2026-04-04T22:15:00.229Z] CRON SERVICE ACTIVE
[STDOUT] [2026-04-04T22:15:00.229Z] Frequency: Every 60 minutes
[STDOUT] [2026-04-04T22:15:00.230Z] Keep this window open to maintain the schedule.
[STDOUT] [2026-04-04T22:15:05.287Z] [2026-04-04T22:15:05.279Z] Job completed successfully.
[STDOUT] [2026-04-04T22:15:05.295Z] [2026-04-04T22:15:05.287Z] Next run in 1 hour...
[TIMEOUT] [2026-04-04T22:35:00.015Z] Job "Amazon Order Sync" exceeded 1200000ms. Sending SIGTERM...
[2026-04-04T22:35:00.024Z] [FINISH] Amazon Order Sync - FAILED (signal SIGTERM) - Duration: 1200.00s

[STDOUT] [2026-04-04T23:15:00.189Z] [2026-04-04T23:15:00.180Z] --- Starting Sync Cycle ---
[STDOUT] [2026-04-04T23:15:00.232Z] CRON SERVICE ACTIVE
[STDOUT] [2026-04-04T23:15:00.232Z] Frequency: Every 60 minutes
[STDOUT] [2026-04-04T23:15:00.232Z] Keep this window open to maintain the schedule.
[STDOUT] [2026-04-04T23:15:05.362Z] [2026-04-04T23:15:05.356Z] Job completed successfully.
[STDOUT] [2026-04-04T23:15:05.372Z] [2026-04-04T23:15:05.366Z] Next run in 1 hour...
[TIMEOUT] [2026-04-04T23:35:00.033Z] Job "Amazon Order Sync" exceeded 1200000ms. Sending SIGTERM...
[2026-04-04T23:35:00.042Z] [FINISH] Amazon Order Sync - FAILED (signal SIGTERM) - Duration: 1200.02s

[STDOUT] [2026-04-05T00:15:00.194Z] [2026-04-05T00:15:00.190Z] --- Starting Sync Cycle ---
[STDOUT] [2026-04-05T00:15:00.238Z] CRON SERVICE ACTIVE
[STDOUT] [2026-04-05T00:15:00.238Z] Frequency: Every 60 minutes
[STDOUT] [2026-04-05T00:15:00.238Z] Keep this window open to maintain the schedule.
[STDOUT] [2026-04-05T00:15:03.755Z] [2026-04-05T00:15:03.754Z] Job completed successfully.
[STDOUT] [2026-04-05T00:15:03.764Z] [2026-04-05T00:15:03.763Z] Next run in 1 hour...
[TIMEOUT] [2026-04-05T00:35:00.024Z] Job "Amazon Order Sync" exceeded 1200000ms. Sending SIGTERM...
[2026-04-05T00:35:00.033Z] [FINISH] Amazon Order Sync - FAILED (signal SIGTERM) - Duration: 1200.01s

[STDOUT] [2026-04-05T01:15:00.186Z] [2026-04-05T01:15:00.180Z] --- Starting Sync Cycle ---
[STDOUT] [2026-04-05T01:15:00.224Z] CRON SERVICE ACTIVE
[STDOUT] [2026-04-05T01:15:00.224Z] Frequency: Every 60 minutes
[STDOUT] [2026-04-05T01:15:00.225Z] Keep this window open to maintain the schedule.
[STDOUT] [2026-04-05T01:15:03.001Z] [2026-04-05T01:15:02.999Z] Job completed successfully.
[STDOUT] [2026-04-05T01:15:03.011Z] [2026-04-05T01:15:03.008Z] Next run in 1 hour...
[TIMEOUT] [2026-04-05T01:35:00.030Z] Job "Amazon Order Sync" exceeded 1200000ms. Sending SIGTERM...
[2026-04-05T01:35:00.039Z] [FINISH] Amazon Order Sync - FAILED (signal SIGTERM) - Duration: 1200.01s

[STDOUT] [2026-04-05T02:15:00.205Z] [2026-04-05T02:15:00.194Z] --- Starting Sync Cycle ---
[STDOUT] [2026-04-05T02:15:00.252Z] CRON SERVICE ACTIVE
[STDOUT] [2026-04-05T02:15:00.252Z] Frequency: Every 60 minutes
[STDOUT] [2026-04-05T02:15:00.252Z] Keep this window open to maintain the schedule.
[STDOUT] [2026-04-05T02:15:04.516Z] [2026-04-05T02:15:04.510Z] Job completed successfully.
[STDOUT] [2026-04-05T02:15:04.525Z] [2026-04-05T02:15:04.519Z] Next run in 1 hour...
[TIMEOUT] [2026-04-05T02:35:00.071Z] Job "Amazon Order Sync" exceeded 1200000ms. Sending SIGTERM...
[2026-04-05T02:35:00.082Z] [FINISH] Amazon Order Sync - FAILED (signal SIGTERM) - Duration: 1200.05s

[STDOUT] [2026-04-05T03:15:00.277Z] [2026-04-05T03:15:00.272Z] --- Starting Sync Cycle ---
[STDOUT] [2026-04-05T03:15:00.320Z] CRON SERVICE ACTIVE
[STDOUT] [2026-04-05T03:15:00.320Z] Frequency: Every 60 minutes
[STDOUT] [2026-04-05T03:15:00.320Z] Keep this window open to maintain the schedule.
[STDOUT] [2026-04-05T03:15:03.698Z] [2026-04-05T03:15:03.698Z] Job completed successfully.
[STDOUT] [2026-04-05T03:15:03.707Z] [2026-04-05T03:15:03.707Z] Next run in 1 hour...
[TIMEOUT] [2026-04-05T03:35:00.120Z] Job "Amazon Order Sync" exceeded 1200000ms. Sending SIGTERM...
[2026-04-05T03:35:00.131Z] [FINISH] Amazon Order Sync - FAILED (signal SIGTERM) - Duration: 1200.05s

[STDOUT] [2026-04-05T04:15:00.198Z] [2026-04-05T04:15:00.192Z] --- Starting Sync Cycle ---
[STDOUT] [2026-04-05T04:15:00.237Z] CRON SERVICE ACTIVE
[STDOUT] [2026-04-05T04:15:00.237Z] Frequency: Every 60 minutes
[STDOUT] [2026-04-05T04:15:00.237Z] Keep this window open to maintain the schedule.
[STDOUT] [2026-04-05T04:15:05.309Z] [2026-04-05T04:15:05.307Z] Job completed successfully.
[STDOUT] [2026-04-05T04:15:05.317Z] [2026-04-05T04:15:05.315Z] Next run in 1 hour...
[TIMEOUT] [2026-04-05T04:35:00.070Z] Job "Amazon Order Sync" exceeded 1200000ms. Sending SIGTERM...
[2026-04-05T04:35:00.081Z] [FINISH] Amazon Order Sync - FAILED (signal SIGTERM) - Duration: 1200.04s

[STDOUT] [2026-04-05T05:15:00.338Z] [2026-04-05T05:15:00.334Z] --- Starting Sync Cycle ---
[STDOUT] [2026-04-05T05:15:00.403Z] CRON SERVICE ACTIVE
[STDOUT] [2026-04-05T05:15:00.403Z] Frequency: Every 60 minutes
[STDOUT] [2026-04-05T05:15:00.403Z] Keep this window open to maintain the schedule.
[STDOUT] [2026-04-05T05:15:05.057Z] [2026-04-05T05:15:05.057Z] Job completed successfully.
[STDOUT] [2026-04-05T05:15:05.066Z] [2026-04-05T05:15:05.066Z] Next run in 1 hour...
[TIMEOUT] [2026-04-05T05:35:00.056Z] Job "Amazon Order Sync" exceeded 1200000ms. Sending SIGTERM...
[2026-04-05T05:35:00.066Z] [FINISH] Amazon Order Sync - FAILED (signal SIGTERM) - Duration: 1200.03s

[STDOUT] [2026-04-05T06:15:00.196Z] [2026-04-05T06:15:00.192Z] --- Starting Sync Cycle ---
[STDOUT] [2026-04-05T06:15:00.239Z] CRON SERVICE ACTIVE
[STDOUT] [2026-04-05T06:15:00.239Z] Frequency: Every 60 minutes
[STDOUT] [2026-04-05T06:15:00.239Z] Keep this window open to maintain the schedule.
[STDOUT] [2026-04-05T06:15:04.659Z] [2026-04-05T06:15:04.658Z] Job completed successfully.
[STDOUT] [2026-04-05T06:15:04.669Z] [2026-04-05T06:15:04.669Z] Next run in 1 hour...
[TIMEOUT] [2026-04-05T06:35:00.043Z] Job "Amazon Order Sync" exceeded 1200000ms. Sending SIGTERM...
[2026-04-05T06:35:00.051Z] [FINISH] Amazon Order Sync - FAILED (signal SIGTERM) - Duration: 1200.04s

[STDOUT] [2026-04-05T07:15:00.193Z] [2026-04-05T07:15:00.188Z] --- Starting Sync Cycle ---
[STDOUT] [2026-04-05T07:15:00.237Z] CRON SERVICE ACTIVE
[STDOUT] [2026-04-05T07:15:00.237Z] Frequency: Every 60 minutes
[STDOUT] [2026-04-05T07:15:00.237Z] Keep this window open to maintain the schedule.
[STDOUT] [2026-04-05T07:15:04.492Z] [2026-04-05T07:15:04.491Z] Job completed successfully.
[STDOUT] [2026-04-05T07:15:04.502Z] [2026-04-05T07:15:04.500Z] Next run in 1 hour...
[TIMEOUT] [2026-04-05T07:35:00.059Z] Job "Amazon Order Sync" exceeded 1200000ms. Sending SIGTERM...
[2026-04-05T07:35:00.068Z] [FINISH] Amazon Order Sync - FAILED (signal SIGTERM) - Duration: 1200.04s

[STDOUT] [2026-04-05T08:15:00.199Z] [2026-04-05T08:15:00.187Z] --- Starting Sync Cycle ---
[STDOUT] [2026-04-05T08:15:00.247Z] CRON SERVICE ACTIVE
[STDOUT] [2026-04-05T08:15:00.248Z] Frequency: Every 60 minutes
[STDOUT] [2026-04-05T08:15:00.248Z] Keep this window open to maintain the schedule.
[STDOUT] [2026-04-05T08:15:05.201Z] [2026-04-05T08:15:05.192Z] Job completed successfully.
[STDOUT] [2026-04-05T08:15:05.210Z] [2026-04-05T08:15:05.201Z] Next run in 1 hour...
[TIMEOUT] [2026-04-05T08:35:00.025Z] Job "Amazon Order Sync" exceeded 1200000ms. Sending SIGTERM...
[2026-04-05T08:35:00.033Z] [FINISH] Amazon Order Sync - FAILED (signal SIGTERM) - Duration: 1200.02s

[STDOUT] [2026-04-05T09:15:00.192Z] [2026-04-05T09:15:00.183Z] --- Starting Sync Cycle ---
[STDOUT] [2026-04-05T09:15:00.234Z] CRON SERVICE ACTIVE
[STDOUT] [2026-04-05T09:15:00.234Z] Frequency: Every 60 minutes
[STDOUT] [2026-04-05T09:15:00.235Z] Keep this window open to maintain the schedule.
[STDOUT] [2026-04-05T09:15:05.361Z] [2026-04-05T09:15:05.355Z] Job completed successfully.
[STDOUT] [2026-04-05T09:15:05.371Z] [2026-04-05T09:15:05.364Z] Next run in 1 hour...
[TIMEOUT] [2026-04-05T09:35:00.035Z] Job "Amazon Order Sync" exceeded 1200000ms. Sending SIGTERM...
[2026-04-05T09:35:00.042Z] [FINISH] Amazon Order Sync - FAILED (signal SIGTERM) - Duration: 1200.01s

[STDOUT] [2026-04-05T10:15:00.196Z] [2026-04-05T10:15:00.192Z] --- Starting Sync Cycle ---
[STDOUT] [2026-04-05T10:15:00.234Z] CRON SERVICE ACTIVE
[STDOUT] [2026-04-05T10:15:00.234Z] Frequency: Every 60 minutes
[STDOUT] [2026-04-05T10:15:00.234Z] Keep this window open to maintain the schedule.
[STDOUT] [2026-04-05T10:15:05.298Z] [2026-04-05T10:15:05.297Z] Job completed successfully.
[STDOUT] [2026-04-05T10:15:05.307Z] [2026-04-05T10:15:05.306Z] Next run in 1 hour...
[TIMEOUT] [2026-04-05T10:35:00.044Z] Job "Amazon Order Sync" exceeded 1200000ms. Sending SIGTERM...
[2026-04-05T10:35:00.052Z] [FINISH] Amazon Order Sync - FAILED (signal SIGTERM) - Duration: 1200.03s

[STDOUT] [2026-04-05T11:15:00.185Z] [2026-04-05T11:15:00.181Z] --- Starting Sync Cycle ---
[STDOUT] [2026-04-05T11:15:00.224Z] CRON SERVICE ACTIVE
[STDOUT] [2026-04-05T11:15:00.225Z] Frequency: Every 60 minutes
[STDOUT] [2026-04-05T11:15:00.225Z] Keep this window open to maintain the schedule.
[STDOUT] [2026-04-05T11:15:04.555Z] [2026-04-05T11:15:04.554Z] Job completed successfully.
[STDOUT] [2026-04-05T11:15:04.564Z] [2026-04-05T11:15:04.563Z] Next run in 1 hour...
[TIMEOUT] [2026-04-05T11:34:59.944Z] Job "Amazon Order Sync" exceeded 1200000ms. Sending SIGTERM...
[2026-04-05T11:34:59.955Z] [FINISH] Amazon Order Sync - FAILED (signal SIGTERM) - Duration: 1199.93s

[STDOUT] [2026-04-05T12:15:00.181Z] [2026-04-05T12:15:00.172Z] --- Starting Sync Cycle ---
[STDOUT] [2026-04-05T12:15:00.223Z] CRON SERVICE ACTIVE
[STDOUT] [2026-04-05T12:15:00.223Z] Frequency: Every 60 minutes
[STDOUT] [2026-04-05T12:15:00.223Z] Keep this window open to maintain the schedule.
[STDOUT] [2026-04-05T12:15:04.952Z] [2026-04-05T12:15:04.946Z] Job completed successfully.
[STDOUT] [2026-04-05T12:15:04.962Z] [2026-04-05T12:15:04.956Z] Next run in 1 hour...
[TIMEOUT] [2026-04-05T12:34:59.916Z] Job "Amazon Order Sync" exceeded 1200000ms. Sending SIGTERM...
[2026-04-05T12:34:59.927Z] [FINISH] Amazon Order Sync - FAILED (signal SIGTERM) - Duration: 1199.92s

[STDOUT] [2026-04-05T13:15:00.201Z] [2026-04-05T13:15:00.184Z] --- Starting Sync Cycle ---
[STDOUT] [2026-04-05T13:15:00.243Z] CRON SERVICE ACTIVE
[STDOUT] [2026-04-05T13:15:00.244Z] Frequency: Every 60 minutes
[STDOUT] [2026-04-05T13:15:00.244Z] Keep this window open to maintain the schedule.
[STDOUT] [2026-04-05T13:15:05.176Z] [2026-04-05T13:15:05.161Z] Job completed successfully.
[STDOUT] [2026-04-05T13:15:05.184Z] [2026-04-05T13:15:05.170Z] Next run in 1 hour...
[TIMEOUT] [2026-04-05T13:34:59.979Z] Job "Amazon Order Sync" exceeded 1200000ms. Sending SIGTERM...
[2026-04-05T13:34:59.990Z] [FINISH] Amazon Order Sync - FAILED (signal SIGTERM) - Duration: 1199.96s

[STDOUT] [2026-04-05T14:15:00.179Z] [2026-04-05T14:15:00.175Z] --- Starting Sync Cycle ---
[STDOUT] [2026-04-05T14:15:00.218Z] CRON SERVICE ACTIVE
[STDOUT] [2026-04-05T14:15:00.218Z] Frequency: Every 60 minutes
[STDOUT] [2026-04-05T14:15:00.218Z] Keep this window open to maintain the schedule.
[STDOUT] [2026-04-05T14:15:04.890Z] [2026-04-05T14:15:04.889Z] Job completed successfully.
[STDOUT] [2026-04-05T14:15:04.900Z] [2026-04-05T14:15:04.899Z] Next run in 1 hour...
[TIMEOUT] [2026-04-05T14:34:59.975Z] Job "Amazon Order Sync" exceeded 1200000ms. Sending SIGTERM...
[2026-04-05T14:34:59.987Z] [FINISH] Amazon Order Sync - FAILED (signal SIGTERM) - Duration: 1199.98s

[STDOUT] [2026-04-05T15:15:00.192Z] [2026-04-05T15:15:00.187Z] --- Starting Sync Cycle ---
[STDOUT] [2026-04-05T15:15:00.237Z] CRON SERVICE ACTIVE
[STDOUT] [2026-04-05T15:15:00.237Z] Frequency: Every 60 minutes
[STDOUT] [2026-04-05T15:15:00.238Z] Keep this window open to maintain the schedule.
[STDOUT] [2026-04-05T15:15:05.087Z] [2026-04-05T15:15:05.086Z] Job completed successfully.
[STDOUT] [2026-04-05T15:15:05.097Z] [2026-04-05T15:15:05.095Z] Next run in 1 hour...
[TIMEOUT] [2026-04-05T15:35:00.016Z] Job "Amazon Order Sync" exceeded 1200000ms. Sending SIGTERM...
[2026-04-05T15:35:00.024Z] [FINISH] Amazon Order Sync - FAILED (signal SIGTERM) - Duration: 1199.99s

[STDOUT] [2026-04-05T16:15:00.208Z] [2026-04-05T16:15:00.192Z] --- Starting Sync Cycle ---
[STDOUT] [2026-04-05T16:15:00.254Z] CRON SERVICE ACTIVE
[STDOUT] [2026-04-05T16:15:00.255Z] Frequency: Every 60 minutes
[STDOUT] [2026-04-05T16:15:00.255Z] Keep this window open to maintain the schedule.
[STDOUT] [2026-04-05T16:15:04.265Z] [2026-04-05T16:15:04.253Z] Job completed successfully.
[STDOUT] [2026-04-05T16:15:04.276Z] [2026-04-05T16:15:04.264Z] Next run in 1 hour...
[TIMEOUT] [2026-04-05T16:35:00.009Z] Job "Amazon Order Sync" exceeded 1200000ms. Sending SIGTERM...
[2026-04-05T16:35:00.018Z] [FINISH] Amazon Order Sync - FAILED (signal SIGTERM) - Duration: 1200.00s

[STDOUT] [2026-04-05T17:15:00.193Z] [2026-04-05T17:15:00.189Z] --- Starting Sync Cycle ---
[STDOUT] [2026-04-05T17:15:00.237Z] CRON SERVICE ACTIVE
[STDOUT] [2026-04-05T17:15:00.237Z] Frequency: Every 60 minutes
[STDOUT] [2026-04-05T17:15:00.238Z] Keep this window open to maintain the schedule.
[STDOUT] [2026-04-05T17:15:05.012Z] [2026-04-05T17:15:05.012Z] Job completed successfully.
[STDOUT] [2026-04-05T17:15:05.023Z] [2026-04-05T17:15:05.023Z] Next run in 1 hour...
[TIMEOUT] [2026-04-05T17:35:00.027Z] Job "Amazon Order Sync" exceeded 1200000ms. Sending SIGTERM...
[2026-04-05T17:35:00.036Z] [FINISH] Amazon Order Sync - FAILED (signal SIGTERM) - Duration: 1200.01s

[STDOUT] [2026-04-05T18:15:00.179Z] [2026-04-05T18:15:00.163Z] --- Starting Sync Cycle ---
[STDOUT] [2026-04-05T18:15:00.222Z] CRON SERVICE ACTIVE
[STDOUT] [2026-04-05T18:15:00.223Z] Frequency: Every 60 minutes
[STDOUT] [2026-04-05T18:15:00.223Z] Keep this window open to maintain the schedule.
[STDOUT] [2026-04-05T18:15:05.362Z] [2026-04-05T18:15:05.350Z] Job completed successfully.
[STDOUT] [2026-04-05T18:15:05.373Z] [2026-04-05T18:15:05.361Z] Next run in 1 hour...
[TIMEOUT] [2026-04-05T18:35:00.018Z] Job "Amazon Order Sync" exceeded 1200000ms. Sending SIGTERM...
[2026-04-05T18:35:00.027Z] [FINISH] Amazon Order Sync - FAILED (signal SIGTERM) - Duration: 1200.01s

[STDOUT] [2026-04-05T19:15:00.369Z] [2026-04-05T19:15:00.355Z] --- Starting Sync Cycle ---
[STDOUT] [2026-04-05T19:15:00.448Z] CRON SERVICE ACTIVE
[STDOUT] [2026-04-05T19:15:00.448Z] Frequency: Every 60 minutes
[STDOUT] [2026-04-05T19:15:00.449Z] Keep this window open to maintain the schedule.
[STDOUT] [2026-04-05T19:15:05.135Z] [2026-04-05T19:15:05.125Z] Job completed successfully.
[STDOUT] [2026-04-05T19:15:05.145Z] [2026-04-05T19:15:05.136Z] Next run in 1 hour...
[TIMEOUT] [2026-04-05T19:35:00.031Z] Job "Amazon Order Sync" exceeded 1200000ms. Sending SIGTERM...
[2026-04-05T19:35:00.039Z] [FINISH] Amazon Order Sync - FAILED (signal SIGTERM) - Duration: 1200.01s

[STDOUT] [2026-04-05T20:15:00.190Z] [2026-04-05T20:15:00.176Z] --- Starting Sync Cycle ---
[STDOUT] [2026-04-05T20:15:00.238Z] CRON SERVICE ACTIVE
[STDOUT] [2026-04-05T20:15:00.239Z] Frequency: Every 60 minutes
[STDOUT] [2026-04-05T20:15:00.239Z] Keep this window open to maintain the schedule.
[STDOUT] [2026-04-05T20:15:05.244Z] [2026-04-05T20:15:05.233Z] Job completed successfully.
[STDOUT] [2026-04-05T20:15:05.253Z] [2026-04-05T20:15:05.242Z] Next run in 1 hour...
[TIMEOUT] [2026-04-05T20:34:59.988Z] Job "Amazon Order Sync" exceeded 1200000ms. Sending SIGTERM...
[2026-04-05T20:34:59.997Z] [FINISH] Amazon Order Sync - FAILED (signal SIGTERM) - Duration: 1199.97s

[STDOUT] [2026-04-05T21:15:00.187Z] [2026-04-05T21:15:00.176Z] --- Starting Sync Cycle ---
[STDOUT] [2026-04-05T21:15:00.231Z] CRON SERVICE ACTIVE
[STDOUT] [2026-04-05T21:15:00.231Z] Frequency: Every 60 minutes
[STDOUT] [2026-04-05T21:15:00.231Z] Keep this window open to maintain the schedule.
[STDOUT] [2026-04-05T21:15:04.412Z] [2026-04-05T21:15:04.404Z] Job completed successfully.
[STDOUT] [2026-04-05T21:15:04.423Z] [2026-04-05T21:15:04.415Z] Next run in 1 hour...
[TIMEOUT] [2026-04-05T21:34:59.944Z] Job "Amazon Order Sync" exceeded 1200000ms. Sending SIGTERM...
[2026-04-05T21:34:59.956Z] [FINISH] Amazon Order Sync - FAILED (signal SIGTERM) - Duration: 1199.93s

[STDOUT] [2026-04-05T22:15:00.194Z] [2026-04-05T22:15:00.190Z] --- Starting Sync Cycle ---
[STDOUT] [2026-04-05T22:15:00.237Z] CRON SERVICE ACTIVE
[STDOUT] [2026-04-05T22:15:00.237Z] Frequency: Every 60 minutes
[STDOUT] [2026-04-05T22:15:00.238Z] Keep this window open to maintain the schedule.
[STDOUT] [2026-04-05T22:15:05.054Z] [2026-04-05T22:15:05.053Z] Job completed successfully.
[STDOUT] [2026-04-05T22:15:05.063Z] [2026-04-05T22:15:05.062Z] Next run in 1 hour...
[TIMEOUT] [2026-04-05T22:34:59.962Z] Job "Amazon Order Sync" exceeded 1200000ms. Sending SIGTERM...
[2026-04-05T22:34:59.973Z] [FINISH] Amazon Order Sync - FAILED (signal SIGTERM) - Duration: 1199.95s

[STDOUT] [2026-04-05T23:15:00.203Z] [2026-04-05T23:15:00.200Z] --- Starting Sync Cycle ---
[STDOUT] [2026-04-05T23:15:00.248Z] CRON SERVICE ACTIVE
[STDOUT] [2026-04-05T23:15:00.248Z] Frequency: Every 60 minutes
[STDOUT] [2026-04-05T23:15:00.248Z] Keep this window open to maintain the schedule.
[STDOUT] [2026-04-05T23:15:05.235Z] [2026-04-05T23:15:05.234Z] Job completed successfully.
[STDOUT] [2026-04-05T23:15:05.244Z] [2026-04-05T23:15:05.244Z] Next run in 1 hour...
[TIMEOUT] [2026-04-05T23:34:59.996Z] Job "Amazon Order Sync" exceeded 1200000ms. Sending SIGTERM...
[2026-04-05T23:35:00.004Z] [FINISH] Amazon Order Sync - FAILED (signal SIGTERM) - Duration: 1199.97s

[STDOUT] [2026-04-06T00:15:00.208Z] [2026-04-06T00:15:00.205Z] --- Starting Sync Cycle ---
[STDOUT] [2026-04-06T00:15:00.250Z] CRON SERVICE ACTIVE
[STDOUT] [2026-04-06T00:15:00.250Z] Frequency: Every 60 minutes
[STDOUT] [2026-04-06T00:15:00.251Z] Keep this window open to maintain the schedule.
[STDOUT] [2026-04-06T00:15:03.764Z] [2026-04-06T00:15:03.764Z] Job completed successfully.
[STDOUT] [2026-04-06T00:15:03.774Z] [2026-04-06T00:15:03.774Z] Next run in 1 hour...
[TIMEOUT] [2026-04-06T00:35:00.003Z] Job "Amazon Order Sync" exceeded 1200000ms. Sending SIGTERM...
[2026-04-06T00:35:00.014Z] [FINISH] Amazon Order Sync - FAILED (signal SIGTERM) - Duration: 1199.99s

[STDOUT] [2026-04-06T01:15:00.199Z] [2026-04-06T01:15:00.192Z] --- Starting Sync Cycle ---
[STDOUT] [2026-04-06T01:15:00.247Z] CRON SERVICE ACTIVE
[STDOUT] [2026-04-06T01:15:00.247Z] Frequency: Every 60 minutes
[STDOUT] [2026-04-06T01:15:00.247Z] Keep this window open to maintain the schedule.
[STDOUT] [2026-04-06T01:15:04.265Z] [2026-04-06T01:15:04.260Z] Job completed successfully.
[STDOUT] [2026-04-06T01:15:04.274Z] [2026-04-06T01:15:04.270Z] Next run in 1 hour...
[TIMEOUT] [2026-04-06T01:35:00.027Z] Job "Amazon Order Sync" exceeded 1200000ms. Sending SIGTERM...
[2026-04-06T01:35:00.037Z] [FINISH] Amazon Order Sync - FAILED (signal SIGTERM) - Duration: 1200.01s

[STDOUT] [2026-04-06T02:15:00.203Z] [2026-04-06T02:15:00.199Z] --- Starting Sync Cycle ---
[STDOUT] [2026-04-06T02:15:00.242Z] CRON SERVICE ACTIVE
[STDOUT] [2026-04-06T02:15:00.242Z] Frequency: Every 60 minutes
[STDOUT] [2026-04-06T02:15:00.242Z] Keep this window open to maintain the schedule.
[STDOUT] [2026-04-06T02:15:04.192Z] [2026-04-06T02:15:04.191Z] Job completed successfully.
[STDOUT] [2026-04-06T02:15:04.202Z] [2026-04-06T02:15:04.201Z] Next run in 1 hour...
[TIMEOUT] [2026-04-06T02:35:00.038Z] Job "Amazon Order Sync" exceeded 1200000ms. Sending SIGTERM...
[2026-04-06T02:35:00.047Z] [FINISH] Amazon Order Sync - FAILED (signal SIGTERM) - Duration: 1200.00s

[STDOUT] [2026-04-06T03:15:00.187Z] [2026-04-06T03:15:00.173Z] --- Starting Sync Cycle ---
[STDOUT] [2026-04-06T03:15:00.229Z] CRON SERVICE ACTIVE
[STDOUT] [2026-04-06T03:15:00.229Z] Frequency: Every 60 minutes
[STDOUT] [2026-04-06T03:15:00.229Z] Keep this window open to maintain the schedule.
[STDOUT] [2026-04-06T03:15:04.175Z] [2026-04-06T03:15:04.164Z] Job completed successfully.
[STDOUT] [2026-04-06T03:15:04.185Z] [2026-04-06T03:15:04.174Z] Next run in 1 hour...
[TIMEOUT] [2026-04-06T03:35:00.018Z] Job "Amazon Order Sync" exceeded 1200000ms. Sending SIGTERM...
[2026-04-06T03:35:00.027Z] [FINISH] Amazon Order Sync - FAILED (signal SIGTERM) - Duration: 1200.01s

[STDOUT] [2026-04-06T04:15:00.195Z] [2026-04-06T04:15:00.189Z] --- Starting Sync Cycle ---
[STDOUT] [2026-04-06T04:15:00.238Z] CRON SERVICE ACTIVE
[STDOUT] [2026-04-06T04:15:00.238Z] Frequency: Every 60 minutes
[STDOUT] [2026-04-06T04:15:00.238Z] Keep this window open to maintain the schedule.
[STDOUT] [2026-04-06T04:15:04.976Z] [2026-04-06T04:15:04.973Z] Job completed successfully.
[STDOUT] [2026-04-06T04:15:04.985Z] [2026-04-06T04:15:04.983Z] Next run in 1 hour...
[TIMEOUT] [2026-04-06T04:35:00.022Z] Job "Amazon Order Sync" exceeded 1200000ms. Sending SIGTERM...
[2026-04-06T04:35:00.032Z] [FINISH] Amazon Order Sync - FAILED (signal SIGTERM) - Duration: 1200.01s

[STDOUT] [2026-04-06T05:15:00.181Z] [2026-04-06T05:15:00.178Z] --- Starting Sync Cycle ---
[STDOUT] [2026-04-06T05:15:00.217Z] CRON SERVICE ACTIVE
[STDOUT] [2026-04-06T05:15:00.217Z] Frequency: Every 60 minutes
[STDOUT] [2026-04-06T05:15:00.217Z] Keep this window open to maintain the schedule.
[STDOUT] [2026-04-06T05:15:05.146Z] [2026-04-06T05:15:05.146Z] Job completed successfully.
[STDOUT] [2026-04-06T05:15:05.153Z] [2026-04-06T05:15:05.152Z] Next run in 1 hour...
[TIMEOUT] [2026-04-06T05:35:00.032Z] Job "Amazon Order Sync" exceeded 1200000ms. Sending SIGTERM...
[2026-04-06T05:35:00.040Z] [FINISH] Amazon Order Sync - FAILED (signal SIGTERM) - Duration: 1200.01s

[STDOUT] [2026-04-06T06:15:00.314Z] [2026-04-06T06:15:00.311Z] --- Starting Sync Cycle ---
[STDOUT] [2026-04-06T06:15:00.369Z] CRON SERVICE ACTIVE
[STDOUT] [2026-04-06T06:15:00.370Z] Frequency: Every 60 minutes
[STDOUT] [2026-04-06T06:15:00.370Z] Keep this window open to maintain the schedule.
[STDOUT] [2026-04-06T06:15:03.469Z] [2026-04-06T06:15:03.469Z] Job completed successfully.
[STDOUT] [2026-04-06T06:15:03.477Z] [2026-04-06T06:15:03.477Z] Next run in 1 hour...
[TIMEOUT] [2026-04-06T06:35:00.085Z] Job "Amazon Order Sync" exceeded 1200000ms. Sending SIGTERM...
[2026-04-06T06:35:00.094Z] [FINISH] Amazon Order Sync - FAILED (signal SIGTERM) - Duration: 1200.05s

[STDOUT] [2026-04-06T07:15:00.249Z] [2026-04-06T07:15:00.246Z] --- Starting Sync Cycle ---
[STDOUT] [2026-04-06T07:15:00.292Z] CRON SERVICE ACTIVE
[STDOUT] [2026-04-06T07:15:00.293Z] Frequency: Every 60 minutes
[STDOUT] [2026-04-06T07:15:00.293Z] Keep this window open to maintain the schedule.
[STDOUT] [2026-04-06T07:15:02.083Z] [2026-04-06T07:15:02.083Z] Job completed successfully.
[STDOUT] [2026-04-06T07:15:02.093Z] [2026-04-06T07:15:02.092Z] Next run in 1 hour...
[TIMEOUT] [2026-04-06T07:35:00.093Z] Job "Amazon Order Sync" exceeded 1200000ms. Sending SIGTERM...
[2026-04-06T07:35:00.103Z] [FINISH] Amazon Order Sync - FAILED (signal SIGTERM) - Duration: 1200.03s

[STDOUT] [2026-04-06T08:15:00.194Z] [2026-04-06T08:15:00.190Z] --- Starting Sync Cycle ---
[STDOUT] [2026-04-06T08:15:00.237Z] CRON SERVICE ACTIVE
[STDOUT] [2026-04-06T08:15:00.237Z] Frequency: Every 60 minutes
[STDOUT] [2026-04-06T08:15:00.238Z] Keep this window open to maintain the schedule.
[STDOUT] [2026-04-06T08:15:05.025Z] [2026-04-06T08:15:05.025Z] Job completed successfully.
[STDOUT] [2026-04-06T08:15:05.035Z] [2026-04-06T08:15:05.034Z] Next run in 1 hour...
[TIMEOUT] [2026-04-06T08:35:00.036Z] Job "Amazon Order Sync" exceeded 1200000ms. Sending SIGTERM...
[2026-04-06T08:35:00.046Z] [FINISH] Amazon Order Sync - FAILED (signal SIGTERM) - Duration: 1200.02s

[STDOUT] [2026-04-06T09:15:00.197Z] [2026-04-06T09:15:00.187Z] --- Starting Sync Cycle ---
[STDOUT] [2026-04-06T09:15:00.238Z] CRON SERVICE ACTIVE
[STDOUT] [2026-04-06T09:15:00.238Z] Frequency: Every 60 minutes
[STDOUT] [2026-04-06T09:15:00.239Z] Keep this window open to maintain the schedule.
[STDOUT] [2026-04-06T09:15:05.009Z] [2026-04-06T09:15:05.002Z] Job completed successfully.
[STDOUT] [2026-04-06T09:15:05.019Z] [2026-04-06T09:15:05.012Z] Next run in 1 hour...
[TIMEOUT] [2026-04-06T09:35:00.045Z] Job "Amazon Order Sync" exceeded 1200000ms. Sending SIGTERM...
[2026-04-06T09:35:00.054Z] [FINISH] Amazon Order Sync - FAILED (signal SIGTERM) - Duration: 1200.02s

[STDOUT] [2026-04-06T10:15:00.217Z] [2026-04-06T10:15:00.205Z] --- Starting Sync Cycle ---
[STDOUT] [2026-04-06T10:15:00.262Z] CRON SERVICE ACTIVE
[STDOUT] [2026-04-06T10:15:00.262Z] Frequency: Every 60 minutes
[STDOUT] [2026-04-06T10:15:00.262Z] Keep this window open to maintain the schedule.
[STDOUT] [2026-04-06T10:15:05.176Z] [2026-04-06T10:15:05.167Z] Job completed successfully.
[STDOUT] [2026-04-06T10:15:05.188Z] [2026-04-06T10:15:05.179Z] Next run in 1 hour...
[TIMEOUT] [2026-04-06T10:35:00.026Z] Job "Amazon Order Sync" exceeded 1200000ms. Sending SIGTERM...
[2026-04-06T10:35:00.033Z] [FINISH] Amazon Order Sync - FAILED (signal SIGTERM) - Duration: 1200.01s

[STDOUT] [2026-04-06T11:15:00.369Z] [2026-04-06T11:15:00.354Z] --- Starting Sync Cycle ---
[STDOUT] [2026-04-06T11:15:00.438Z] CRON SERVICE ACTIVE
[STDOUT] [2026-04-06T11:15:00.439Z] Frequency: Every 60 minutes
[STDOUT] [2026-04-06T11:15:00.439Z] Keep this window open to maintain the schedule.
[STDOUT] [2026-04-06T11:15:01.970Z] [2026-04-06T11:15:01.963Z] Job completed successfully.
[STDOUT] [2026-04-06T11:15:01.981Z] [2026-04-06T11:15:01.973Z] Next run in 1 hour...
[TIMEOUT] [2026-04-06T11:35:00.050Z] Job "Amazon Order Sync" exceeded 1200000ms. Sending SIGTERM...
[2026-04-06T11:35:00.062Z] [FINISH] Amazon Order Sync - FAILED (signal SIGTERM) - Duration: 1200.04s

[STDOUT] [2026-04-06T12:15:00.201Z] [2026-04-06T12:15:00.197Z] --- Starting Sync Cycle ---
[STDOUT] [2026-04-06T12:15:00.244Z] CRON SERVICE ACTIVE
[STDOUT] [2026-04-06T12:15:00.244Z] Frequency: Every 60 minutes
[STDOUT] [2026-04-06T12:15:00.244Z] Keep this window open to maintain the schedule.
[STDOUT] [2026-04-06T12:15:02.087Z] [2026-04-06T12:15:02.086Z] Job completed successfully.
[STDOUT] [2026-04-06T12:15:02.095Z] [2026-04-06T12:15:02.095Z] Next run in 1 hour...
[TIMEOUT] [2026-04-06T12:35:00.043Z] Job "Amazon Order Sync" exceeded 1200000ms. Sending SIGTERM...
[2026-04-06T12:35:00.052Z] [FINISH] Amazon Order Sync - FAILED (signal SIGTERM) - Duration: 1200.03s

[STDOUT] [2026-04-06T13:15:00.427Z] [2026-04-06T13:15:00.422Z] --- Starting Sync Cycle ---
[STDOUT] [2026-04-06T13:15:00.476Z] CRON SERVICE ACTIVE
[STDOUT] [2026-04-06T13:15:00.477Z] Frequency: Every 60 minutes
[STDOUT] [2026-04-06T13:15:00.477Z] Keep this window open to maintain the schedule.
[STDOUT] [2026-04-06T13:15:03.262Z] [2026-04-06T13:15:03.262Z] Job completed successfully.
[STDOUT] [2026-04-06T13:15:03.279Z] [2026-04-06T13:15:03.279Z] Next run in 1 hour...
[TIMEOUT] [2026-04-06T13:35:00.039Z] Job "Amazon Order Sync" exceeded 1200000ms. Sending SIGTERM...
[2026-04-06T13:35:00.048Z] [FINISH] Amazon Order Sync - FAILED (signal SIGTERM) - Duration: 1200.03s

[STDOUT] [2026-04-06T14:15:00.186Z] [2026-04-06T14:15:00.183Z] --- Starting Sync Cycle ---
[STDOUT] [2026-04-06T14:15:00.225Z] CRON SERVICE ACTIVE
[STDOUT] [2026-04-06T14:15:00.226Z] Frequency: Every 60 minutes
[STDOUT] [2026-04-06T14:15:00.226Z] Keep this window open to maintain the schedule.
[STDOUT] [2026-04-06T14:15:05.059Z] [2026-04-06T14:15:05.059Z] Job completed successfully.
[STDOUT] [2026-04-06T14:15:05.069Z] [2026-04-06T14:15:05.069Z] Next run in 1 hour...
[TIMEOUT] [2026-04-06T14:35:00.044Z] Job "Amazon Order Sync" exceeded 1200000ms. Sending SIGTERM...
[2026-04-06T14:35:00.054Z] [FINISH] Amazon Order Sync - FAILED (signal SIGTERM) - Duration: 1200.03s

[STDOUT] [2026-04-06T15:15:00.187Z] [2026-04-06T15:15:00.171Z] --- Starting Sync Cycle ---
[STDOUT] [2026-04-06T15:15:00.230Z] CRON SERVICE ACTIVE
[STDOUT] [2026-04-06T15:15:00.230Z] Frequency: Every 60 minutes
[STDOUT] [2026-04-06T15:15:00.230Z] Keep this window open to maintain the schedule.
[STDOUT] [2026-04-06T15:15:04.899Z] [2026-04-06T15:15:04.887Z] Job completed successfully.
[STDOUT] [2026-04-06T15:15:04.909Z] [2026-04-06T15:15:04.896Z] Next run in 1 hour...
[TIMEOUT] [2026-04-06T15:34:59.925Z] Job "Amazon Order Sync" exceeded 1200000ms. Sending SIGTERM...
[2026-04-06T15:34:59.936Z] [FINISH] Amazon Order Sync - FAILED (signal SIGTERM) - Duration: 1199.92s

[STDOUT] [2026-04-06T16:15:00.175Z] [2026-04-06T16:15:00.167Z] --- Starting Sync Cycle ---
[STDOUT] [2026-04-06T16:15:00.215Z] CRON SERVICE ACTIVE
[STDOUT] [2026-04-06T16:15:00.215Z] Frequency: Every 60 minutes
[STDOUT] [2026-04-06T16:15:00.215Z] Keep this window open to maintain the schedule.
[STDOUT] [2026-04-06T16:15:05.477Z] [2026-04-06T16:15:05.472Z] Job completed successfully.
[STDOUT] [2026-04-06T16:15:05.486Z] [2026-04-06T16:15:05.482Z] Next run in 1 hour...
[TIMEOUT] [2026-04-06T16:34:59.961Z] Job "Amazon Order Sync" exceeded 1200000ms. Sending SIGTERM...
[2026-04-06T16:34:59.972Z] [FINISH] Amazon Order Sync - FAILED (signal SIGTERM) - Duration: 1199.95s

[STDOUT] [2026-04-06T17:15:00.196Z] [2026-04-06T17:15:00.182Z] --- Starting Sync Cycle ---
[STDOUT] [2026-04-06T17:15:00.236Z] CRON SERVICE ACTIVE
[STDOUT] [2026-04-06T17:15:00.237Z] Frequency: Every 60 minutes
[STDOUT] [2026-04-06T17:15:00.237Z] Keep this window open to maintain the schedule.
[STDOUT] [2026-04-06T17:15:04.502Z] [2026-04-06T17:15:04.492Z] Job completed successfully.
[STDOUT] [2026-04-06T17:15:04.512Z] [2026-04-06T17:15:04.501Z] Next run in 1 hour...
[TIMEOUT] [2026-04-06T17:35:00.004Z] Job "Amazon Order Sync" exceeded 1200000ms. Sending SIGTERM...
[2026-04-06T17:35:00.013Z] [FINISH] Amazon Order Sync - FAILED (signal SIGTERM) - Duration: 1199.98s

[STDOUT] [2026-04-06T18:15:00.221Z] [2026-04-06T18:15:00.214Z] --- Starting Sync Cycle ---
[STDOUT] [2026-04-06T18:15:00.261Z] CRON SERVICE ACTIVE
[STDOUT] [2026-04-06T18:15:00.261Z] Frequency: Every 60 minutes
[STDOUT] [2026-04-06T18:15:00.261Z] Keep this window open to maintain the schedule.
[STDOUT] [2026-04-06T18:15:05.475Z] [2026-04-06T18:15:05.472Z] Job completed successfully.
[STDOUT] [2026-04-06T18:15:05.485Z] [2026-04-06T18:15:05.481Z] Next run in 1 hour...
[TIMEOUT] [2026-04-06T18:35:00.023Z] Job "Amazon Order Sync" exceeded 1200000ms. Sending SIGTERM...
[2026-04-06T18:35:00.032Z] [FINISH] Amazon Order Sync - FAILED (signal SIGTERM) - Duration: 1199.99s

[STDOUT] [2026-04-06T19:15:00.195Z] [2026-04-06T19:15:00.180Z] --- Starting Sync Cycle ---
[STDOUT] [2026-04-06T19:15:00.236Z] CRON SERVICE ACTIVE
[STDOUT] [2026-04-06T19:15:00.236Z] Frequency: Every 60 minutes
[STDOUT] [2026-04-06T19:15:00.236Z] Keep this window open to maintain the schedule.
[STDOUT] [2026-04-06T19:15:05.180Z] [2026-04-06T19:15:05.168Z] Job completed successfully.
[STDOUT] [2026-04-06T19:15:05.189Z] [2026-04-06T19:15:05.177Z] Next run in 1 hour...
[TIMEOUT] [2026-04-06T19:35:00.029Z] Job "Amazon Order Sync" exceeded 1200000ms. Sending SIGTERM...
[2026-04-06T19:35:00.037Z] [FINISH] Amazon Order Sync - FAILED (signal SIGTERM) - Duration: 1200.01s

[STDOUT] [2026-04-06T20:15:00.205Z] [2026-04-06T20:15:00.198Z] --- Starting Sync Cycle ---
[STDOUT] [2026-04-06T20:15:00.252Z] CRON SERVICE ACTIVE
[STDOUT] [2026-04-06T20:15:00.252Z] Frequency: Every 60 minutes
[STDOUT] [2026-04-06T20:15:00.252Z] Keep this window open to maintain the schedule.
[STDOUT] [2026-04-06T20:15:04.675Z] [2026-04-06T20:15:04.674Z] Job completed successfully.
[STDOUT] [2026-04-06T20:15:04.684Z] [2026-04-06T20:15:04.683Z] Next run in 1 hour...
[TIMEOUT] [2026-04-06T20:35:00.011Z] Job "Amazon Order Sync" exceeded 1200000ms. Sending SIGTERM...
[2026-04-06T20:35:00.023Z] [FINISH] Amazon Order Sync - FAILED (signal SIGTERM) - Duration: 1200.00s

[STDOUT] [2026-04-06T21:15:00.232Z] [2026-04-06T21:15:00.221Z] --- Starting Sync Cycle ---
[STDOUT] [2026-04-06T21:15:00.274Z] CRON SERVICE ACTIVE
[STDOUT] [2026-04-06T21:15:00.275Z] Frequency: Every 60 minutes
[STDOUT] [2026-04-06T21:15:00.275Z] Keep this window open to maintain the schedule.
[STDOUT] [2026-04-06T21:15:05.312Z] [2026-04-06T21:15:05.304Z] Job completed successfully.
[STDOUT] [2026-04-06T21:15:05.321Z] [2026-04-06T21:15:05.313Z] Next run in 1 hour...
[TIMEOUT] [2026-04-06T21:35:00.034Z] Job "Amazon Order Sync" exceeded 1200000ms. Sending SIGTERM...
[2026-04-06T21:35:00.042Z] [FINISH] Amazon Order Sync - FAILED (signal SIGTERM) - Duration: 1200.01s

[STDOUT] [2026-04-06T22:15:00.199Z] [2026-04-06T22:15:00.190Z] --- Starting Sync Cycle ---
[STDOUT] [2026-04-06T22:15:00.239Z] CRON SERVICE ACTIVE
[STDOUT] [2026-04-06T22:15:00.239Z] Frequency: Every 60 minutes
[STDOUT] [2026-04-06T22:15:00.240Z] Keep this window open to maintain the schedule.
[STDOUT] [2026-04-06T22:15:04.289Z] [2026-04-06T22:15:04.282Z] Job completed successfully.
[STDOUT] [2026-04-06T22:15:04.297Z] [2026-04-06T22:15:04.291Z] Next run in 1 hour...
[TIMEOUT] [2026-04-06T22:35:00.022Z] Job "Amazon Order Sync" exceeded 1200000ms. Sending SIGTERM...
[2026-04-06T22:35:00.031Z] [FINISH] Amazon Order Sync - FAILED (signal SIGTERM) - Duration: 1200.01s

[STDOUT] [2026-04-06T23:15:00.205Z] [2026-04-06T23:15:00.196Z] --- Starting Sync Cycle ---
[STDOUT] [2026-04-06T23:15:00.244Z] CRON SERVICE ACTIVE
[STDOUT] [2026-04-06T23:15:00.244Z] Frequency: Every 60 minutes
[STDOUT] [2026-04-06T23:15:00.244Z] Keep this window open to maintain the schedule.
[STDOUT] [2026-04-06T23:15:05.635Z] [2026-04-06T23:15:05.628Z] Job completed successfully.
[STDOUT] [2026-04-06T23:15:05.644Z] [2026-04-06T23:15:05.637Z] Next run in 1 hour...
[TIMEOUT] [2026-04-06T23:35:00.028Z] Job "Amazon Order Sync" exceeded 1200000ms. Sending SIGTERM...
[2026-04-06T23:35:00.037Z] [FINISH] Amazon Order Sync - FAILED (signal SIGTERM) - Duration: 1200.01s

[STDOUT] [2026-04-07T00:15:00.230Z] [2026-04-07T00:15:00.210Z] --- Starting Sync Cycle ---
[STDOUT] [2026-04-07T00:15:00.273Z] CRON SERVICE ACTIVE
[STDOUT] [2026-04-07T00:15:00.273Z] Frequency: Every 60 minutes
[STDOUT] [2026-04-07T00:15:00.273Z] Keep this window open to maintain the schedule.
[STDOUT] [2026-04-07T00:15:04.080Z] [2026-04-07T00:15:04.065Z] Job completed successfully.
[STDOUT] [2026-04-07T00:15:04.090Z] [2026-04-07T00:15:04.075Z] Next run in 1 hour...
[TIMEOUT] [2026-04-07T00:35:00.091Z] Job "Amazon Order Sync" exceeded 1200000ms. Sending SIGTERM...
[2026-04-07T00:35:00.102Z] [FINISH] Amazon Order Sync - FAILED (signal SIGTERM) - Duration: 1200.05s

[STDOUT] [2026-04-07T01:15:00.270Z] [2026-04-07T01:15:00.265Z] --- Starting Sync Cycle ---
[STDOUT] [2026-04-07T01:15:00.314Z] CRON SERVICE ACTIVE
[STDOUT] [2026-04-07T01:15:00.315Z] Frequency: Every 60 minutes
[STDOUT] [2026-04-07T01:15:00.315Z] Keep this window open to maintain the schedule.
[STDOUT] [2026-04-07T01:15:03.981Z] [2026-04-07T01:15:03.981Z] Job completed successfully.
[STDOUT] [2026-04-07T01:15:03.990Z] [2026-04-07T01:15:03.989Z] Next run in 1 hour...
[TIMEOUT] [2026-04-07T01:35:00.118Z] Job "Amazon Order Sync" exceeded 1200000ms. Sending SIGTERM...
[2026-04-07T01:35:00.129Z] [FINISH] Amazon Order Sync - FAILED (signal SIGTERM) - Duration: 1200.05s

[STDOUT] [2026-04-07T02:15:00.208Z] [2026-04-07T02:15:00.204Z] --- Starting Sync Cycle ---
[STDOUT] [2026-04-07T02:15:00.252Z] CRON SERVICE ACTIVE
[STDOUT] [2026-04-07T02:15:00.252Z] Frequency: Every 60 minutes
[STDOUT] [2026-04-07T02:15:00.252Z] Keep this window open to maintain the schedule.
[STDOUT] [2026-04-07T02:15:04.494Z] [2026-04-07T02:15:04.493Z] Job completed successfully.
[STDOUT] [2026-04-07T02:15:04.504Z] [2026-04-07T02:15:04.503Z] Next run in 1 hour...
[TIMEOUT] [2026-04-07T02:35:00.053Z] Job "Amazon Order Sync" exceeded 1200000ms. Sending SIGTERM...
[2026-04-07T02:35:00.062Z] [FINISH] Amazon Order Sync - FAILED (signal SIGTERM) - Duration: 1200.03s

[STDOUT] [2026-04-07T03:15:00.194Z] [2026-04-07T03:15:00.188Z] --- Starting Sync Cycle ---
[STDOUT] [2026-04-07T03:15:00.237Z] CRON SERVICE ACTIVE
[STDOUT] [2026-04-07T03:15:00.237Z] Frequency: Every 60 minutes
[STDOUT] [2026-04-07T03:15:00.237Z] Keep this window open to maintain the schedule.
[STDOUT] [2026-04-07T03:15:04.725Z] [2026-04-07T03:15:04.721Z] Job completed successfully.
[STDOUT] [2026-04-07T03:15:04.735Z] [2026-04-07T03:15:04.731Z] Next run in 1 hour...
[TIMEOUT] [2026-04-07T03:35:00.045Z] Job "Amazon Order Sync" exceeded 1200000ms. Sending SIGTERM...
[2026-04-07T03:35:00.053Z] [FINISH] Amazon Order Sync - FAILED (signal SIGTERM) - Duration: 1200.03s

[STDOUT] [2026-04-07T04:15:00.191Z] [2026-04-07T04:15:00.176Z] --- Starting Sync Cycle ---
[STDOUT] [2026-04-07T04:15:00.230Z] CRON SERVICE ACTIVE
[STDOUT] [2026-04-07T04:15:00.230Z] Frequency: Every 60 minutes
[STDOUT] [2026-04-07T04:15:00.230Z] Keep this window open to maintain the schedule.
[STDOUT] [2026-04-07T04:15:04.649Z] [2026-04-07T04:15:04.638Z] Job completed successfully.
[STDOUT] [2026-04-07T04:15:04.658Z] [2026-04-07T04:15:04.647Z] Next run in 1 hour...
[TIMEOUT] [2026-04-07T04:35:00.039Z] Job "Amazon Order Sync" exceeded 1200000ms. Sending SIGTERM...
[2026-04-07T04:35:00.048Z] [FINISH] Amazon Order Sync - FAILED (signal SIGTERM) - Duration: 1200.03s

[STDOUT] [2026-04-07T05:15:00.343Z] [2026-04-07T05:15:00.331Z] --- Starting Sync Cycle ---
[STDOUT] [2026-04-07T05:15:00.414Z] CRON SERVICE ACTIVE
[STDOUT] [2026-04-07T05:15:00.414Z] Frequency: Every 60 minutes
[STDOUT] [2026-04-07T05:15:00.414Z] Keep this window open to maintain the schedule.
[STDOUT] [2026-04-07T05:15:05.947Z] [2026-04-07T05:15:05.940Z] Job completed successfully.
[STDOUT] [2026-04-07T05:15:05.957Z] [2026-04-07T05:15:05.950Z] Next run in 1 hour...
[TIMEOUT] [2026-04-07T05:35:00.044Z] Job "Amazon Order Sync" exceeded 1200000ms. Sending SIGTERM...
[2026-04-07T05:35:00.053Z] [FINISH] Amazon Order Sync - FAILED (signal SIGTERM) - Duration: 1200.03s

[STDOUT] [2026-04-07T06:15:00.196Z] [2026-04-07T06:15:00.193Z] --- Starting Sync Cycle ---
[STDOUT] [2026-04-07T06:15:00.238Z] CRON SERVICE ACTIVE
[STDOUT] [2026-04-07T06:15:00.238Z] Frequency: Every 60 minutes
[STDOUT] [2026-04-07T06:15:00.238Z] Keep this window open to maintain the schedule.
[STDOUT] [2026-04-07T06:15:04.734Z] [2026-04-07T06:15:04.733Z] Job completed successfully.
[STDOUT] [2026-04-07T06:15:04.742Z] [2026-04-07T06:15:04.742Z] Next run in 1 hour...
[TIMEOUT] [2026-04-07T06:35:00.037Z] Job "Amazon Order Sync" exceeded 1200000ms. Sending SIGTERM...
[2026-04-07T06:35:00.045Z] [FINISH] Amazon Order Sync - FAILED (signal SIGTERM) - Duration: 1200.02s

[STDOUT] [2026-04-07T07:15:00.214Z] [2026-04-07T07:15:00.196Z] --- Starting Sync Cycle ---
[STDOUT] [2026-04-07T07:15:00.257Z] CRON SERVICE ACTIVE
[STDOUT] [2026-04-07T07:15:00.258Z] Frequency: Every 60 minutes
[STDOUT] [2026-04-07T07:15:00.258Z] Keep this window open to maintain the schedule.
[STDOUT] [2026-04-07T07:15:05.539Z] [2026-04-07T07:15:05.526Z] Job completed successfully.
[STDOUT] [2026-04-07T07:15:05.547Z] [2026-04-07T07:15:05.535Z] Next run in 1 hour...
[TIMEOUT] [2026-04-07T07:35:00.046Z] Job "Amazon Order Sync" exceeded 1200000ms. Sending SIGTERM...
[2026-04-07T07:35:00.055Z] [FINISH] Amazon Order Sync - FAILED (signal SIGTERM) - Duration: 1200.02s

[STDOUT] [2026-04-07T08:15:00.191Z] [2026-04-07T08:15:00.187Z] --- Starting Sync Cycle ---
[STDOUT] [2026-04-07T08:15:00.231Z] CRON SERVICE ACTIVE
[STDOUT] [2026-04-07T08:15:00.231Z] Frequency: Every 60 minutes
[STDOUT] [2026-04-07T08:15:00.231Z] Keep this window open to maintain the schedule.
[STDOUT] [2026-04-07T08:15:04.581Z] [2026-04-07T08:15:04.580Z] Job completed successfully.
[STDOUT] [2026-04-07T08:15:04.589Z] [2026-04-07T08:15:04.588Z] Next run in 1 hour...
[TIMEOUT] [2026-04-07T08:35:00.037Z] Job "Amazon Order Sync" exceeded 1200000ms. Sending SIGTERM...
[2026-04-07T08:35:00.046Z] [FINISH] Amazon Order Sync - FAILED (signal SIGTERM) - Duration: 1200.03s

[STDOUT] [2026-04-07T09:15:00.190Z] [2026-04-07T09:15:00.186Z] --- Starting Sync Cycle ---
[STDOUT] [2026-04-07T09:15:00.226Z] CRON SERVICE ACTIVE
[STDOUT] [2026-04-07T09:15:00.227Z] Frequency: Every 60 minutes
[STDOUT] [2026-04-07T09:15:00.227Z] Keep this window open to maintain the schedule.
[STDOUT] [2026-04-07T09:15:05.259Z] [2026-04-07T09:15:05.258Z] Job completed successfully.
[STDOUT] [2026-04-07T09:15:05.266Z] [2026-04-07T09:15:05.265Z] Next run in 1 hour...
[TIMEOUT] [2026-04-07T09:34:59.915Z] Job "Amazon Order Sync" exceeded 1200000ms. Sending SIGTERM...
[2026-04-07T09:34:59.926Z] [FINISH] Amazon Order Sync - FAILED (signal SIGTERM) - Duration: 1199.90s

[STDOUT] [2026-04-07T10:15:00.187Z] [2026-04-07T10:15:00.180Z] --- Starting Sync Cycle ---
[STDOUT] [2026-04-07T10:15:00.232Z] CRON SERVICE ACTIVE
[STDOUT] [2026-04-07T10:15:00.232Z] Frequency: Every 60 minutes
[STDOUT] [2026-04-07T10:15:00.232Z] Keep this window open to maintain the schedule.
[STDOUT] [2026-04-07T10:15:04.667Z] [2026-04-07T10:15:04.663Z] Job completed successfully.
[STDOUT] [2026-04-07T10:15:04.675Z] [2026-04-07T10:15:04.671Z] Next run in 1 hour...
[TIMEOUT] [2026-04-07T10:34:59.961Z] Job "Amazon Order Sync" exceeded 1200000ms. Sending SIGTERM...
[2026-04-07T10:34:59.971Z] [FINISH] Amazon Order Sync - FAILED (signal SIGTERM) - Duration: 1199.95s

[STDOUT] [2026-04-07T11:15:00.204Z] [2026-04-07T11:15:00.198Z] --- Starting Sync Cycle ---
[STDOUT] [2026-04-07T11:15:00.247Z] CRON SERVICE ACTIVE
[STDOUT] [2026-04-07T11:15:00.247Z] Frequency: Every 60 minutes
[STDOUT] [2026-04-07T11:15:00.247Z] Keep this window open to maintain the schedule.
[STDOUT] [2026-04-07T11:15:05.000Z] [2026-04-07T11:15:04.997Z] Job completed successfully.
[STDOUT] [2026-04-07T11:15:05.010Z] [2026-04-07T11:15:05.007Z] Next run in 1 hour...
[TIMEOUT] [2026-04-07T11:35:00.001Z] Job "Amazon Order Sync" exceeded 1200000ms. Sending SIGTERM...
[2026-04-07T11:35:00.013Z] [FINISH] Amazon Order Sync - FAILED (signal SIGTERM) - Duration: 1199.98s

[STDOUT] [2026-04-07T12:15:00.195Z] [2026-04-07T12:15:00.189Z] --- Starting Sync Cycle ---
[STDOUT] [2026-04-07T12:15:00.239Z] CRON SERVICE ACTIVE
[STDOUT] [2026-04-07T12:15:00.239Z] Frequency: Every 60 minutes
[STDOUT] [2026-04-07T12:15:00.239Z] Keep this window open to maintain the schedule.
[STDOUT] [2026-04-07T12:15:05.664Z] [2026-04-07T12:15:05.662Z] Job completed successfully.
[STDOUT] [2026-04-07T12:15:05.673Z] [2026-04-07T12:15:05.670Z] Next run in 1 hour...
[TIMEOUT] [2026-04-07T12:34:59.996Z] Job "Amazon Order Sync" exceeded 1200000ms. Sending SIGTERM...
[2026-04-07T12:35:00.004Z] [FINISH] Amazon Order Sync - FAILED (signal SIGTERM) - Duration: 1199.98s

[STDOUT] [2026-04-07T13:15:00.187Z] [2026-04-07T13:15:00.181Z] --- Starting Sync Cycle ---
[STDOUT] [2026-04-07T13:15:00.231Z] CRON SERVICE ACTIVE
[STDOUT] [2026-04-07T13:15:00.232Z] Frequency: Every 60 minutes
[STDOUT] [2026-04-07T13:15:00.232Z] Keep this window open to maintain the schedule.
[STDOUT] [2026-04-07T13:15:04.342Z] [2026-04-07T13:15:04.340Z] Job completed successfully.
[STDOUT] [2026-04-07T13:15:04.350Z] [2026-04-07T13:15:04.348Z] Next run in 1 hour...
[TIMEOUT] [2026-04-07T13:35:00.011Z] Job "Amazon Order Sync" exceeded 1200000ms. Sending SIGTERM...
[2026-04-07T13:35:00.019Z] [FINISH] Amazon Order Sync - FAILED (signal SIGTERM) - Duration: 1200.00s

[STDOUT] [2026-04-07T14:15:00.380Z] [2026-04-07T14:15:00.376Z] --- Starting Sync Cycle ---
[STDOUT] [2026-04-07T14:15:00.453Z] CRON SERVICE ACTIVE
[STDOUT] [2026-04-07T14:15:00.453Z] Frequency: Every 60 minutes
[STDOUT] [2026-04-07T14:15:00.453Z] Keep this window open to maintain the schedule.
[STDOUT] [2026-04-07T14:15:04.154Z] [2026-04-07T14:15:04.155Z] Job completed successfully.
[STDOUT] [2026-04-07T14:15:04.165Z] [2026-04-07T14:15:04.165Z] Next run in 1 hour...
[TIMEOUT] [2026-04-07T14:35:00.019Z] Job "Amazon Order Sync" exceeded 1200000ms. Sending SIGTERM...
[2026-04-07T14:35:00.030Z] [FINISH] Amazon Order Sync - FAILED (signal SIGTERM) - Duration: 1200.00s

[STDOUT] [2026-04-07T15:15:00.187Z] [2026-04-07T15:15:00.173Z] --- Starting Sync Cycle ---
[STDOUT] [2026-04-07T15:15:00.232Z] CRON SERVICE ACTIVE
[STDOUT] [2026-04-07T15:15:00.232Z] Frequency: Every 60 minutes
[STDOUT] [2026-04-07T15:15:00.233Z] Keep this window open to maintain the schedule.
[STDOUT] [2026-04-07T15:15:05.576Z] [2026-04-07T15:15:05.566Z] Job completed successfully.
[STDOUT] [2026-04-07T15:15:05.585Z] [2026-04-07T15:15:05.575Z] Next run in 1 hour...
[TIMEOUT] [2026-04-07T15:35:00.023Z] Job "Amazon Order Sync" exceeded 1200000ms. Sending SIGTERM...
[2026-04-07T15:35:00.033Z] [FINISH] Amazon Order Sync - FAILED (signal SIGTERM) - Duration: 1200.01s

[STDOUT] [2026-04-07T16:15:00.192Z] [2026-04-07T16:15:00.188Z] --- Starting Sync Cycle ---
[STDOUT] [2026-04-07T16:15:00.235Z] CRON SERVICE ACTIVE
[STDOUT] [2026-04-07T16:15:00.235Z] Frequency: Every 60 minutes
[STDOUT] [2026-04-07T16:15:00.235Z] Keep this window open to maintain the schedule.
[STDOUT] [2026-04-07T16:15:05.771Z] [2026-04-07T16:15:05.770Z] Job completed successfully.
[STDOUT] [2026-04-07T16:15:05.780Z] [2026-04-07T16:15:05.779Z] Next run in 1 hour...
[TIMEOUT] [2026-04-07T16:35:00.043Z] Job "Amazon Order Sync" exceeded 1200000ms. Sending SIGTERM...
[2026-04-07T16:35:00.053Z] [FINISH] Amazon Order Sync - FAILED (signal SIGTERM) - Duration: 1200.02s

[STDOUT] [2026-04-07T17:15:00.170Z] [2026-04-07T17:15:00.157Z] --- Starting Sync Cycle ---
[STDOUT] [2026-04-07T17:15:00.214Z] CRON SERVICE ACTIVE
[STDOUT] [2026-04-07T17:15:00.215Z] Frequency: Every 60 minutes
[STDOUT] [2026-04-07T17:15:00.215Z] Keep this window open to maintain the schedule.
[STDOUT] [2026-04-07T17:15:05.478Z] [2026-04-07T17:15:05.468Z] Job completed successfully.
[STDOUT] [2026-04-07T17:15:05.488Z] [2026-04-07T17:15:05.478Z] Next run in 1 hour...
[TIMEOUT] [2026-04-07T17:35:00.011Z] Job "Amazon Order Sync" exceeded 1200000ms. Sending SIGTERM...
[2026-04-07T17:35:00.023Z] [FINISH] Amazon Order Sync - FAILED (signal SIGTERM) - Duration: 1200.01s

[STDOUT] [2026-04-07T18:15:00.386Z] [2026-04-07T18:15:00.373Z] --- Starting Sync Cycle ---
[STDOUT] [2026-04-07T18:15:00.454Z] CRON SERVICE ACTIVE
[STDOUT] [2026-04-07T18:15:00.454Z] Frequency: Every 60 minutes
[STDOUT] [2026-04-07T18:15:00.454Z] Keep this window open to maintain the schedule.
[STDOUT] [2026-04-07T18:15:04.775Z] [2026-04-07T18:15:04.766Z] Job completed successfully.
[STDOUT] [2026-04-07T18:15:04.783Z] [2026-04-07T18:15:04.775Z] Next run in 1 hour...
[TIMEOUT] [2026-04-07T18:34:59.937Z] Job "Amazon Order Sync" exceeded 1200000ms. Sending SIGTERM...
[2026-04-07T18:34:59.949Z] [FINISH] Amazon Order Sync - FAILED (signal SIGTERM) - Duration: 1199.92s

[STDOUT] [2026-04-07T19:15:00.197Z] [2026-04-07T19:15:00.194Z] --- Starting Sync Cycle ---
[STDOUT] [2026-04-07T19:15:00.236Z] CRON SERVICE ACTIVE
[STDOUT] [2026-04-07T19:15:00.236Z] Frequency: Every 60 minutes
[STDOUT] [2026-04-07T19:15:00.237Z] Keep this window open to maintain the schedule.
[STDOUT] [2026-04-07T19:15:06.012Z] [2026-04-07T19:15:06.012Z] Job completed successfully.
[STDOUT] [2026-04-07T19:15:06.021Z] [2026-04-07T19:15:06.021Z] Next run in 1 hour...
[TIMEOUT] [2026-04-07T19:34:59.981Z] Job "Amazon Order Sync" exceeded 1200000ms. Sending SIGTERM...
[2026-04-07T19:34:59.993Z] [FINISH] Amazon Order Sync - FAILED (signal SIGTERM) - Duration: 1199.96s

[STDOUT] [2026-04-07T20:15:00.178Z] [2026-04-07T20:15:00.172Z] --- Starting Sync Cycle ---
[STDOUT] [2026-04-07T20:15:00.221Z] CRON SERVICE ACTIVE
[STDOUT] [2026-04-07T20:15:00.221Z] Frequency: Every 60 minutes
[STDOUT] [2026-04-07T20:15:00.221Z] Keep this window open to maintain the schedule.
[STDOUT] [2026-04-07T20:15:05.694Z] [2026-04-07T20:15:05.691Z] Job completed successfully.
[STDOUT] [2026-04-07T20:15:05.703Z] [2026-04-07T20:15:05.699Z] Next run in 1 hour...
[TIMEOUT] [2026-04-07T20:34:59.990Z] Job "Amazon Order Sync" exceeded 1200000ms. Sending SIGTERM...
[2026-04-07T20:35:00.003Z] [FINISH] Amazon Order Sync - FAILED (signal SIGTERM) - Duration: 1199.98s

[STDOUT] [2026-04-07T21:15:00.220Z] [2026-04-07T21:15:00.216Z] --- Starting Sync Cycle ---
[STDOUT] [2026-04-07T21:15:00.263Z] CRON SERVICE ACTIVE
[STDOUT] [2026-04-07T21:15:00.263Z] Frequency: Every 60 minutes
[STDOUT] [2026-04-07T21:15:00.263Z] Keep this window open to maintain the schedule.
[STDOUT] [2026-04-07T21:15:05.283Z] [2026-04-07T21:15:05.282Z] Job completed successfully.
[STDOUT] [2026-04-07T21:15:05.292Z] [2026-04-07T21:15:05.292Z] Next run in 1 hour...
[TIMEOUT] [2026-04-07T21:34:59.999Z] Job "Amazon Order Sync" exceeded 1200000ms. Sending SIGTERM...
[2026-04-07T21:35:00.014Z] [FINISH] Amazon Order Sync - FAILED (signal SIGTERM) - Duration: 1199.99s

[STDOUT] [2026-04-07T22:15:00.205Z] [2026-04-07T22:15:00.200Z] --- Starting Sync Cycle ---
[STDOUT] [2026-04-07T22:15:00.246Z] CRON SERVICE ACTIVE
[STDOUT] [2026-04-07T22:15:00.246Z] Frequency: Every 60 minutes
[STDOUT] [2026-04-07T22:15:00.246Z] Keep this window open to maintain the schedule.
[STDOUT] [2026-04-07T22:15:05.139Z] [2026-04-07T22:15:05.138Z] Job completed successfully.
[STDOUT] [2026-04-07T22:15:05.147Z] [2026-04-07T22:15:05.146Z] Next run in 1 hour...
[TIMEOUT] [2026-04-07T22:35:00.024Z] Job "Amazon Order Sync" exceeded 1200000ms. Sending SIGTERM...
[2026-04-07T22:35:00.033Z] [FINISH] Amazon Order Sync - FAILED (signal SIGTERM) - Duration: 1200.00s

[STDOUT] [2026-04-07T23:15:00.208Z] [2026-04-07T23:15:00.205Z] --- Starting Sync Cycle ---
[STDOUT] [2026-04-07T23:15:00.247Z] CRON SERVICE ACTIVE
[STDOUT] [2026-04-07T23:15:00.247Z] Frequency: Every 60 minutes
[STDOUT] [2026-04-07T23:15:00.247Z] Keep this window open to maintain the schedule.
[STDOUT] [2026-04-07T23:15:04.270Z] [2026-04-07T23:15:04.270Z] Job completed successfully.
[STDOUT] [2026-04-07T23:15:04.279Z] [2026-04-07T23:15:04.279Z] Next run in 1 hour...
[TIMEOUT] [2026-04-07T23:35:00.064Z] Job "Amazon Order Sync" exceeded 1200000ms. Sending SIGTERM...
[2026-04-07T23:35:00.075Z] [FINISH] Amazon Order Sync - FAILED (signal SIGTERM) - Duration: 1200.06s

[STDOUT] [2026-04-08T00:15:00.340Z] [2026-04-08T00:15:00.337Z] --- Starting Sync Cycle ---
[STDOUT] [2026-04-08T00:15:00.379Z] CRON SERVICE ACTIVE
[STDOUT] [2026-04-08T00:15:00.379Z] Frequency: Every 60 minutes
[STDOUT] [2026-04-08T00:15:00.379Z] Keep this window open to maintain the schedule.
[STDOUT] [2026-04-08T00:15:04.160Z] [2026-04-08T00:15:04.160Z] Job completed successfully.
[STDOUT] [2026-04-08T00:15:04.168Z] [2026-04-08T00:15:04.168Z] Next run in 1 hour...
[TIMEOUT] [2026-04-08T00:35:00.250Z] Job "Amazon Order Sync" exceeded 1200000ms. Sending SIGTERM...
[2026-04-08T00:35:00.262Z] [FINISH] Amazon Order Sync - FAILED (signal SIGTERM) - Duration: 1200.08s

[STDOUT] [2026-04-08T01:15:00.321Z] [2026-04-08T01:15:00.317Z] --- Starting Sync Cycle ---
[STDOUT] [2026-04-08T01:15:00.366Z] CRON SERVICE ACTIVE
[STDOUT] [2026-04-08T01:15:00.367Z] Frequency: Every 60 minutes
[STDOUT] [2026-04-08T01:15:00.367Z] Keep this window open to maintain the schedule.
[STDOUT] [2026-04-08T01:15:04.012Z] [2026-04-08T01:15:04.011Z] Job completed successfully.
[STDOUT] [2026-04-08T01:15:04.020Z] [2026-04-08T01:15:04.020Z] Next run in 1 hour...
[TIMEOUT] [2026-04-08T01:35:00.184Z] Job "Amazon Order Sync" exceeded 1200000ms. Sending SIGTERM...
[2026-04-08T01:35:00.196Z] [FINISH] Amazon Order Sync - FAILED (signal SIGTERM) - Duration: 1200.05s

[STDOUT] [2026-04-08T02:15:00.251Z] [2026-04-08T02:15:00.233Z] --- Starting Sync Cycle ---
[STDOUT] [2026-04-08T02:15:00.292Z] CRON SERVICE ACTIVE
[STDOUT] [2026-04-08T02:15:00.293Z] Frequency: Every 60 minutes
[STDOUT] [2026-04-08T02:15:00.293Z] Keep this window open to maintain the schedule.
[STDOUT] [2026-04-08T02:15:04.697Z] [2026-04-08T02:15:04.683Z] Job completed successfully.
[STDOUT] [2026-04-08T02:15:04.708Z] [2026-04-08T02:15:04.693Z] Next run in 1 hour...
[TIMEOUT] [2026-04-08T02:35:00.119Z] Job "Amazon Order Sync" exceeded 1200000ms. Sending SIGTERM...
[2026-04-08T02:35:00.131Z] [FINISH] Amazon Order Sync - FAILED (signal SIGTERM) - Duration: 1200.05s

[STDOUT] [2026-04-08T03:15:00.208Z] [2026-04-08T03:15:00.204Z] --- Starting Sync Cycle ---
[STDOUT] [2026-04-08T03:15:00.249Z] CRON SERVICE ACTIVE
[STDOUT] [2026-04-08T03:15:00.250Z] Frequency: Every 60 minutes
[STDOUT] [2026-04-08T03:15:00.250Z] Keep this window open to maintain the schedule.
[STDOUT] [2026-04-08T03:15:03.847Z] [2026-04-08T03:15:03.847Z] Job completed successfully.
[STDOUT] [2026-04-08T03:15:03.856Z] [2026-04-08T03:15:03.856Z] Next run in 1 hour...
[TIMEOUT] [2026-04-08T03:35:00.073Z] Job "Amazon Order Sync" exceeded 1200000ms. Sending SIGTERM...
[2026-04-08T03:35:00.086Z] [FINISH] Amazon Order Sync - FAILED (signal SIGTERM) - Duration: 1200.04s

[STDOUT] [2026-04-08T04:15:00.188Z] [2026-04-08T04:15:00.184Z] --- Starting Sync Cycle ---
[STDOUT] [2026-04-08T04:15:00.230Z] CRON SERVICE ACTIVE
[STDOUT] [2026-04-08T04:15:00.231Z] Frequency: Every 60 minutes
[STDOUT] [2026-04-08T04:15:00.231Z] Keep this window open to maintain the schedule.
[STDOUT] [2026-04-08T04:15:04.009Z] [2026-04-08T04:15:04.008Z] Job completed successfully.
[STDOUT] [2026-04-08T04:15:04.018Z] [2026-04-08T04:15:04.017Z] Next run in 1 hour...
[TIMEOUT] [2026-04-08T04:35:00.058Z] Job "Amazon Order Sync" exceeded 1200000ms. Sending SIGTERM...
[2026-04-08T04:35:00.070Z] [FINISH] Amazon Order Sync - FAILED (signal SIGTERM) - Duration: 1200.04s

[STDOUT] [2026-04-08T05:15:00.407Z] [2026-04-08T05:15:00.402Z] --- Starting Sync Cycle ---
[STDOUT] [2026-04-08T05:15:00.477Z] CRON SERVICE ACTIVE
[STDOUT] [2026-04-08T05:15:00.477Z] Frequency: Every 60 minutes
[STDOUT] [2026-04-08T05:15:00.477Z] Keep this window open to maintain the schedule.
[STDOUT] [2026-04-08T05:15:05.254Z] [2026-04-08T05:15:05.253Z] Job completed successfully.
[STDOUT] [2026-04-08T05:15:05.264Z] [2026-04-08T05:15:05.263Z] Next run in 1 hour...
[TIMEOUT] [2026-04-08T05:35:00.046Z] Job "Amazon Order Sync" exceeded 1200000ms. Sending SIGTERM...
[2026-04-08T05:35:00.056Z] [FINISH] Amazon Order Sync - FAILED (signal SIGTERM) - Duration: 1200.03s

[STDOUT] [2026-04-08T06:15:00.212Z] [2026-04-08T06:15:00.206Z] --- Starting Sync Cycle ---
[STDOUT] [2026-04-08T06:15:00.253Z] CRON SERVICE ACTIVE
[STDOUT] [2026-04-08T06:15:00.254Z] Frequency: Every 60 minutes
[STDOUT] [2026-04-08T06:15:00.254Z] Keep this window open to maintain the schedule.
[STDOUT] [2026-04-08T06:15:05.642Z] [2026-04-08T06:15:05.640Z] Job completed successfully.
[STDOUT] [2026-04-08T06:15:05.651Z] [2026-04-08T06:15:05.649Z] Next run in 1 hour...
[TIMEOUT] [2026-04-08T06:35:00.043Z] Job "Amazon Order Sync" exceeded 1200000ms. Sending SIGTERM...
[2026-04-08T06:35:00.052Z] [FINISH] Amazon Order Sync - FAILED (signal SIGTERM) - Duration: 1200.02s

[STDOUT] [2026-04-08T07:15:00.206Z] [2026-04-08T07:15:00.201Z] --- Starting Sync Cycle ---
[STDOUT] [2026-04-08T07:15:00.249Z] CRON SERVICE ACTIVE
[STDOUT] [2026-04-08T07:15:00.249Z] Frequency: Every 60 minutes
[STDOUT] [2026-04-08T07:15:00.250Z] Keep this window open to maintain the schedule.
[STDOUT] [2026-04-08T07:15:05.370Z] [2026-04-08T07:15:05.368Z] Job completed successfully.
[STDOUT] [2026-04-08T07:15:05.379Z] [2026-04-08T07:15:05.377Z] Next run in 1 hour...
[TIMEOUT] [2026-04-08T07:35:00.038Z] Job "Amazon Order Sync" exceeded 1200000ms. Sending SIGTERM...
[2026-04-08T07:35:00.047Z] [FINISH] Amazon Order Sync - FAILED (signal SIGTERM) - Duration: 1200.02s

[STDOUT] [2026-04-08T08:15:00.196Z] [2026-04-08T08:15:00.192Z] --- Starting Sync Cycle ---
[STDOUT] [2026-04-08T08:15:00.239Z] CRON SERVICE ACTIVE
[STDOUT] [2026-04-08T08:15:00.239Z] Frequency: Every 60 minutes
[STDOUT] [2026-04-08T08:15:00.239Z] Keep this window open to maintain the schedule.
[STDOUT] [2026-04-08T08:15:04.992Z] [2026-04-08T08:15:04.991Z] Job completed successfully.
[STDOUT] [2026-04-08T08:15:05.000Z] [2026-04-08T08:15:04.999Z] Next run in 1 hour...
[TIMEOUT] [2026-04-08T08:35:00.030Z] Job "Amazon Order Sync" exceeded 1200000ms. Sending SIGTERM...
[2026-04-08T08:35:00.038Z] [FINISH] Amazon Order Sync - FAILED (signal SIGTERM) - Duration: 1200.02s

[STDOUT] [2026-04-08T10:15:00.236Z] [2026-04-08T10:15:00.228Z] --- Starting Sync Cycle ---
[STDOUT] [2026-04-08T10:15:00.304Z] CRON SERVICE ACTIVE
[STDOUT] [2026-04-08T10:15:00.304Z] Frequency: Every 60 minutes
[STDOUT] [2026-04-08T10:15:00.304Z] Keep this window open to maintain the schedule.
[STDOUT] [2026-04-08T10:15:05.323Z] [2026-04-08T10:15:05.318Z] Job completed successfully.
[STDOUT] [2026-04-08T10:15:05.334Z] [2026-04-08T10:15:05.329Z] Next run in 1 hour...
[TIMEOUT] [2026-04-08T10:34:59.983Z] Job "Amazon Order Sync" exceeded 1200000ms. Sending SIGTERM...
[2026-04-08T10:34:59.994Z] [FINISH] Amazon Order Sync - FAILED (signal SIGTERM) - Duration: 1199.97s

[STDOUT] [2026-04-08T11:15:00.182Z] [2026-04-08T11:15:00.178Z] --- Starting Sync Cycle ---
[STDOUT] [2026-04-08T11:15:00.222Z] CRON SERVICE ACTIVE
[STDOUT] [2026-04-08T11:15:00.222Z] Frequency: Every 60 minutes
[STDOUT] [2026-04-08T11:15:00.222Z] Keep this window open to maintain the schedule.
[STDOUT] [2026-04-08T11:15:05.024Z] [2026-04-08T11:15:05.025Z] Job completed successfully.
[STDOUT] [2026-04-08T11:15:05.034Z] [2026-04-08T11:15:05.034Z] Next run in 1 hour...
[TIMEOUT] [2026-04-08T11:34:59.985Z] Job "Amazon Order Sync" exceeded 1200000ms. Sending SIGTERM...
[2026-04-08T11:34:59.997Z] [FINISH] Amazon Order Sync - FAILED (signal SIGTERM) - Duration: 1199.98s

[STDOUT] [2026-04-08T12:15:00.198Z] [2026-04-08T12:15:00.194Z] --- Starting Sync Cycle ---
[STDOUT] [2026-04-08T12:15:00.237Z] CRON SERVICE ACTIVE
[STDOUT] [2026-04-08T12:15:00.237Z] Frequency: Every 60 minutes
[STDOUT] [2026-04-08T12:15:00.238Z] Keep this window open to maintain the schedule.
[STDOUT] [2026-04-08T12:15:05.280Z] [2026-04-08T12:15:05.280Z] Job completed successfully.
[STDOUT] [2026-04-08T12:15:05.289Z] [2026-04-08T12:15:05.288Z] Next run in 1 hour...
[TIMEOUT] [2026-04-08T12:35:00.001Z] Job "Amazon Order Sync" exceeded 1200000ms. Sending SIGTERM...
[2026-04-08T12:35:00.011Z] [FINISH] Amazon Order Sync - FAILED (signal SIGTERM) - Duration: 1199.99s

[STDOUT] [2026-04-08T13:15:00.395Z] [2026-04-08T13:15:00.390Z] --- Starting Sync Cycle ---
[STDOUT] [2026-04-08T13:15:00.435Z] CRON SERVICE ACTIVE
[STDOUT] [2026-04-08T13:15:00.435Z] Frequency: Every 60 minutes
[STDOUT] [2026-04-08T13:15:00.436Z] Keep this window open to maintain the schedule.
[STDOUT] [2026-04-08T13:15:04.810Z] [2026-04-08T13:15:04.810Z] Job completed successfully.
[STDOUT] [2026-04-08T13:15:04.821Z] [2026-04-08T13:15:04.820Z] Next run in 1 hour...
[TIMEOUT] [2026-04-08T13:35:00.020Z] Job "Amazon Order Sync" exceeded 1200000ms. Sending SIGTERM...
[2026-04-08T13:35:00.029Z] [FINISH] Amazon Order Sync - FAILED (signal SIGTERM) - Duration: 1200.01s

